#
# There is insufficient memory for the Java Runtime Environment to continue.
# Native memory allocation (malloc) failed to allocate 1816160 bytes. Error detail: Chunk::new
# Possible reasons:
#   The system is out of physical RAM or swap space
#   This process is running with CompressedOops enabled, and the Java Heap may be blocking the growth of the native heap
# Possible solutions:
#   Reduce memory load on the system
#   Increase physical memory or swap space
#   Check if swap backing store is full
#   Decrease Java heap size (-Xmx/-Xms)
#   Decrease number of Java threads
#   Decrease Java thread stack sizes (-Xss)
#   Set larger code cache with -XX:ReservedCodeCacheSize=
#   JVM is running with Zero Based Compressed Oops mode in which the Java heap is
#     placed in the first 32GB address space. The Java Heap base address is the
#     maximum limit for the native heap growth. Please use -XX:HeapBaseMinAddress
#     to set the Java Heap base and to place the Java Heap above 32GB virtual address.
# This output file may be truncated or incomplete.
#
#  Out of Memory Error (arena.cpp:191), pid=57672, tid=8476
#
# JRE version: OpenJDK Runtime Environment Temurin-17.0.19+10 (17.0.19+10) (build 17.0.19+10)
# Java VM: OpenJDK 64-Bit Server VM Temurin-17.0.19+10 (17.0.19+10, mixed mode, sharing, tiered, compressed oops, compressed class ptrs, g1 gc, windows-amd64)
# No core dump will be written. Minidumps are not enabled by default on client versions of Windows
#

---------------  S U M M A R Y ------------

Command Line: -Xmx4G -Xms4G -XX:+UseG1GC -XX:+ParallelRefProcEnabled -XX:MaxGCPauseMillis=200 -XX:+UnlockExperimentalVMOptions -XX:+DisableExplicitGC -XX:+AlwaysPreTouch -XX:G1NewSizePercent=30 -XX:G1MaxNewSizePercent=40 -XX:G1HeapRegionSize=8m -XX:G1ReservePercent=20 -XX:G1HeapWastePercent=5 -XX:G1MixedGCCountTarget=4 -XX:InitiatingHeapOccupancyPercent=15 -XX:G1MixedGCLiveThresholdPercent=90 -XX:G1RSetUpdatingPauseTimePercent=5 -XX:SurvivorRatio=32 -XX:+PerfDisableSharedMem -XX:MaxTenuringThreshold=1 -Dusing.aikars.flags=https://mcflags.emc.gs -Daikars.new.flags=true paper-1.19.4-550.jar nogui

Host: AMD Ryzen 5 5600X 6-Core Processor             , 12 cores, 15G,  Windows 11 , 64 bit Build 26100 (10.0.26100.8521)
Time: Thu Jul 23 11:16:11 2026 SE Asia Standard Time elapsed time: 135.391599 seconds (0d 0h 2m 15s)

---------------  T H R E A D  ---------------

Current thread (0x0000023a658be690):  JavaThread "C2 CompilerThread0" daemon [_thread_in_native, id=8476, stack(0x0000004078800000,0x0000004078900000)]


Current CompileTask:
C2:135391 41713       4       io.papermc.paper.util.CollisionUtil::getCollisionsForBlocksOrWorldBorder (1315 bytes)

Stack: [0x0000004078800000,0x0000004078900000]
Native frames: (J=compiled Java code, j=interpreted, Vv=VM code, C=native code)
V  [jvm.dll+0x684b29]
V  [jvm.dll+0x83a2d5]
V  [jvm.dll+0x83bd4e]
V  [jvm.dll+0x83c3d3]
V  [jvm.dll+0x24905f]
V  [jvm.dll+0xad536]
V  [jvm.dll+0xadbdc]
V  [jvm.dll+0x368d9e]
V  [jvm.dll+0x1bc2bf]
V  [jvm.dll+0x219fc0]
V  [jvm.dll+0x2192af]
V  [jvm.dll+0x1a49f0]
V  [jvm.dll+0x2299fa]
V  [jvm.dll+0x227bab]
V  [jvm.dll+0x7f0a88]
V  [jvm.dll+0x7eaf1c]
V  [jvm.dll+0x6839f7]
C  [ucrtbase.dll+0x2cd30]
C  [KERNEL32.DLL+0x2e957]
C  [ntdll.dll+0x87c1c]


---------------  P R O C E S S  ---------------

Threads class SMR info:
_java_thread_list=0x0000023a6b2eb9b0, length=144, elements={
0x0000023a6588f8d0, 0x0000023a65894130, 0x0000023a658b2230, 0x0000023a658b2b00,
0x0000023a658b7f60, 0x0000023a658bce30, 0x0000023a658be690, 0x0000023a6a017ab0,
0x0000023a6a019fe0, 0x0000023a6a164040, 0x0000023a6a168410, 0x0000023a44abbbb0,
0x0000023a6aab5130, 0x0000023a6b194410, 0x0000023a6bb0c3e0, 0x0000023a6bb0d820,
0x0000023a6bb0f680, 0x0000023a6bb0ce00, 0x0000023a6d8b2070, 0x0000023a6d8b2fa0,
0x0000023a6d8b2a90, 0x0000023a6d8b6750, 0x0000023a6d8b80a0, 0x0000023a6d8b7170,
0x0000023a6d8b48f0, 0x0000023a6d8b85b0, 0x0000023a6d8b8ac0, 0x0000023a6d8b94e0,
0x0000023a6d8b99f0, 0x0000023a6d8b34b0, 0x0000023a6d8b5310, 0x0000023a6d8b3ed0,
0x0000023a6d8b5820, 0x0000023a6d8b5d30, 0x0000023a6d8b2580, 0x0000023a6d8b6c60,
0x0000023a6fbcb810, 0x0000023a6fbc8060, 0x0000023a6fbcc230, 0x0000023a6fbc7130,
0x0000023a6bb0e240, 0x0000023a6b9be480, 0x0000023a6b9be990, 0x0000023a6b9beea0,
0x0000023a6b9bb6f0, 0x0000023a6b9bf3b0, 0x0000023a6b9bf8c0, 0x0000023a6b9bfdd0,
0x0000023a6b9bc620, 0x0000023a6b9c1720, 0x0000023a6b9c07f0, 0x0000023a6b9c2650,
0x0000023a6bb0f170, 0x0000023a6b5d6ce0, 0x0000023a6b5d71f0, 0x0000023a6b5d8120,
0x0000023a6b5d67d0, 0x0000023a6b5d9050, 0x0000023a6b5dcd10, 0x0000023a6b5db8d0,
0x0000023a6b5d9560, 0x0000023a6b9c0d00, 0x0000023a76ddf8b0, 0x0000023a76de3570,
0x0000023a76de1710, 0x0000023a76de3a80, 0x0000023a6b5d5390, 0x0000023a76de2640,
0x0000023a76de2b50, 0x0000023a76de0cf0, 0x0000023a76de7230, 0x0000023a76de53d0,
0x0000023a6b5d8630, 0x0000023a6b5d5db0, 0x0000023a6f0b7db0, 0x0000023a6f0b87d0,
0x0000023a6f0b78a0, 0x0000023a6f0b8ce0, 0x0000023a6f0b91f0, 0x0000023a6f0b9700,
0x0000023a6f0bb050, 0x0000023a6f0bdde0, 0x0000023a6f0ba630, 0x0000023a76de6d20,
0x0000023a76de3f90, 0x0000023a6f0b6970, 0x0000023a6f0bd3c0, 0x0000023a6f0bba70,
0x0000023a6f0bc490, 0x0000023a6f0bc9a0, 0x0000023a6fbc8a80, 0x0000023a6fbc7640,
0x0000023a6fbc5cf0, 0x0000023a6fbc9ec0, 0x0000023a6fbc7b50, 0x0000023a6fbc8570,
0x0000023a6fbc99b0, 0x0000023a6b5d7700, 0x0000023a6b5db3c0, 0x0000023a6b5da9a0,
0x0000023a6b5dc2f0, 0x0000023a6b5d9a70, 0x0000023a6d8b39c0, 0x0000023a6b9bd040,
0x0000023a7575e360, 0x0000023a7575f290, 0x0000023a7575ed80, 0x0000023a7575bff0,
0x0000023a7575cf20, 0x0000023a7ccfb780, 0x0000023a7ccfad60, 0x0000023a7ccff950,
0x0000023a7525a0a0, 0x0000023a75257d30, 0x0000023a7525b4e0, 0x0000023a7525bf00,
0x0000023a7525a5b0, 0x0000023a7525aac0, 0x0000023a75259680, 0x0000023a75257820,
0x0000023a7525c410, 0x0000023a7ccfa850, 0x0000023a7ccf7fd0, 0x0000023a7ccfb270,
0x0000023a7ccf9920, 0x0000023a7ccfc1a0, 0x0000023a7ccf89f0, 0x0000023a7ccfc6b0,
0x0000023a7ccfe000, 0x0000023a7ccfea20, 0x0000023a6fbca8e0, 0x0000023a6fbcadf0,
0x0000023a6fbcb300, 0x0000023a7ccfbc90, 0x0000023a7ccf8f00, 0x0000023a7ccfcbc0,
0x0000023a7ccfdaf0, 0x0000023a7575de50, 0x0000023a6d8b7680, 0x0000023a6b9bc110,
0x0000023a6b9bd550, 0x0000023a6b9bacd0, 0x0000023a6fbca3d0, 0x0000023a7ccfe510
}

Java Threads: ( => current thread )
  0x0000023a6588f8d0 JavaThread "Reference Handler" daemon [_thread_blocked, id=33204, stack(0x0000004078200000,0x0000004078300000)]
  0x0000023a65894130 JavaThread "Finalizer" daemon [_thread_blocked, id=52888, stack(0x0000004078300000,0x0000004078400000)]
  0x0000023a658b2230 JavaThread "Signal Dispatcher" daemon [_thread_blocked, id=21332, stack(0x0000004078400000,0x0000004078500000)]
  0x0000023a658b2b00 JavaThread "Attach Listener" daemon [_thread_blocked, id=63932, stack(0x0000004078500000,0x0000004078600000)]
  0x0000023a658b7f60 JavaThread "Service Thread" daemon [_thread_blocked, id=35424, stack(0x0000004078600000,0x0000004078700000)]
  0x0000023a658bce30 JavaThread "Monitor Deflation Thread" daemon [_thread_blocked, id=63600, stack(0x0000004078700000,0x0000004078800000)]
=>0x0000023a658be690 JavaThread "C2 CompilerThread0" daemon [_thread_in_native, id=8476, stack(0x0000004078800000,0x0000004078900000)]
  0x0000023a6a017ab0 JavaThread "C1 CompilerThread0" daemon [_thread_blocked, id=18548, stack(0x0000004078900000,0x0000004078a00000)]
  0x0000023a6a019fe0 JavaThread "Sweeper thread" daemon [_thread_blocked, id=65736, stack(0x0000004078a00000,0x0000004078b00000)]
  0x0000023a6a164040 JavaThread "Notification Thread" daemon [_thread_blocked, id=54756, stack(0x0000004078b00000,0x0000004078c00000)]
  0x0000023a6a168410 JavaThread "Common-Cleaner" daemon [_thread_blocked, id=66240, stack(0x0000004078d00000,0x0000004078e00000)]
  0x0000023a44abbbb0 JavaThread "DestroyJavaVM" [_thread_blocked, id=42436, stack(0x0000004077800000,0x0000004077900000)]
  0x0000023a6aab5130 JavaThread "WindowsStreamPump" daemon [_thread_in_native, id=60380, stack(0x0000004079100000,0x0000004079200000)]
  0x0000023a6b194410 JavaThread "Log4j2-AsyncAppenderEventDispatcher-1-Async" daemon [_thread_blocked, id=34880, stack(0x0000004079300000,0x0000004079400000)]
  0x0000023a6bb0c3e0 JavaThread "JNA Cleaner" daemon [_thread_blocked, id=21708, stack(0x0000004078f00000,0x0000004079000000)]
  0x0000023a6bb0d820 JavaThread "Timer hack thread" daemon [_thread_blocked, id=12900, stack(0x000000407a600000,0x000000407a700000)]
  0x0000023a6bb0f680 JavaThread "Worker-Main-1" daemon [_thread_blocked, id=42912, stack(0x000000407a800000,0x000000407a900000)]
  0x0000023a6bb0ce00 JavaThread "Worker-Main-2" daemon [_thread_blocked, id=11600, stack(0x000000407a900000,0x000000407aa00000)]
  0x0000023a6d8b2070 JavaThread "Worker-Main-3" daemon [_thread_blocked, id=45360, stack(0x000000407aa00000,0x000000407ab00000)]
  0x0000023a6d8b2fa0 JavaThread "Worker-Main-4" daemon [_thread_blocked, id=47192, stack(0x000000407ab00000,0x000000407ac00000)]
  0x0000023a6d8b2a90 JavaThread "Server thread" [_thread_blocked, id=50616, stack(0x000000407ac00000,0x000000407ad00000)]
  0x0000023a6d8b6750 JavaThread "RegionFile I/O Thread #0" [_thread_blocked, id=4540, stack(0x000000407b000000,0x000000407b100000)]
  0x0000023a6d8b80a0 JavaThread "Tuinity Chunk System Worker #0" [_thread_blocked, id=58336, stack(0x000000407b100000,0x000000407b200000)]
  0x0000023a6d8b7170 JavaThread "Tuinity Chunk System Worker #1" [_thread_blocked, id=42736, stack(0x000000407b200000,0x000000407b300000)]
  0x0000023a6d8b48f0 JavaThread "Tuinity Chunk System Worker #2" [_thread_blocked, id=4148, stack(0x000000407b300000,0x000000407b400000)]
  0x0000023a6d8b85b0 JavaThread "Paper Watchdog Thread" [_thread_blocked, id=29400, stack(0x000000407b400000,0x000000407b500000)]
  0x0000023a6d8b8ac0 JavaThread "Server console handler" daemon [_thread_blocked, id=55548, stack(0x000000407b500000,0x000000407b600000)]
  0x0000023a6d8b94e0 JavaThread "pool-6-thread-1" [_thread_blocked, id=33760, stack(0x000000407b600000,0x000000407b700000)]
  0x0000023a6d8b99f0 JavaThread "Netty Server IO #0" daemon [_thread_in_native, id=13972, stack(0x0000004079000000,0x0000004079100000)]
  0x0000023a6d8b34b0 JavaThread "luckperms-worker-0" daemon [_thread_blocked, id=10032, stack(0x000000407c500000,0x000000407c600000)]
  0x0000023a6d8b5310 JavaThread "luckperms-worker-1" daemon [_thread_blocked, id=47244, stack(0x000000407c600000,0x000000407c700000)]
  0x0000023a6d8b3ed0 JavaThread "luckperms-worker-2" daemon [_thread_blocked, id=47744, stack(0x000000407c700000,0x000000407c800000)]
  0x0000023a6d8b5820 JavaThread "luckperms-worker-3" daemon [_thread_blocked, id=65500, stack(0x000000407c800000,0x000000407c900000)]
  0x0000023a6d8b5d30 JavaThread "luckperms-worker-4" daemon [_thread_blocked, id=35200, stack(0x000000407c900000,0x000000407ca00000)]
  0x0000023a6d8b2580 JavaThread "luckperms-worker-5" daemon [_thread_blocked, id=3668, stack(0x000000407ca00000,0x000000407cb00000)]
  0x0000023a6d8b6c60 JavaThread "luckperms-worker-6" daemon [_thread_blocked, id=63112, stack(0x000000407cb00000,0x000000407cc00000)]
  0x0000023a6fbcb810 JavaThread "luckperms-worker-7" daemon [_thread_blocked, id=56960, stack(0x000000407cc00000,0x000000407cd00000)]
  0x0000023a6fbc8060 JavaThread "luckperms-worker-8" daemon [_thread_blocked, id=50516, stack(0x000000407cd00000,0x000000407ce00000)]
  0x0000023a6fbcc230 JavaThread "luckperms-worker-9" daemon [_thread_blocked, id=64876, stack(0x000000407ce00000,0x000000407cf00000)]
  0x0000023a6fbc7130 JavaThread "luckperms-scheduler" [_thread_blocked, id=40472, stack(0x000000407cf00000,0x000000407d000000)]
  0x0000023a6bb0e240 JavaThread "WorldEdit Session Manager" [_thread_blocked, id=28372, stack(0x000000407d000000,0x000000407d100000)]
  0x0000023a6b9be480 JavaThread "FileSystemWatchService" daemon [_thread_in_native, id=9712, stack(0x000000407d100000,0x000000407d200000)]
  0x0000023a6b9be990 JavaThread "luckperms-worker-10" daemon [_thread_blocked, id=42688, stack(0x000000407d300000,0x000000407d400000)]
  0x0000023a6b9beea0 JavaThread "MVStore background writer D:/server-minecraft/plugins/LuckPerms/luckperms-h2-v2.mv.db" daemon [_thread_blocked, id=54628, stack(0x000000407d500000,0x000000407d600000)]
  0x0000023a6b9bb6f0 JavaThread "OkHttp metadata.luckperms.net" daemon [_thread_in_native, id=7576, stack(0x000000407d600000,0x000000407d700000)]
  0x0000023a6b9bf3b0 JavaThread "OkHttp ConnectionPool" daemon [_thread_blocked, id=43592, stack(0x000000407d700000,0x000000407d800000)]
  0x0000023a6b9bf8c0 JavaThread "OkHttp metadata.luckperms.net Writer" [_thread_blocked, id=8268, stack(0x000000407d800000,0x000000407d900000)]
  0x0000023a6b9bfdd0 JavaThread "H2-serialization" daemon [_thread_blocked, id=12376, stack(0x000000407da00000,0x000000407db00000)]
  0x0000023a6b9bc620 JavaThread "H2-save" daemon [_thread_blocked, id=25536, stack(0x000000407db00000,0x000000407dc00000)]
  0x0000023a6b9c1720 JavaThread "Timer-0" daemon [_thread_blocked, id=33900, stack(0x000000407dc00000,0x000000407dd00000)]
  0x0000023a6b9c07f0 JavaThread "bStats-Metrics" [_thread_blocked, id=31052, stack(0x000000407dd00000,0x000000407de00000)]
  0x0000023a6b9c2650 JavaThread "bStats-Metrics" [_thread_blocked, id=53680, stack(0x000000407e000000,0x000000407e100000)]
  0x0000023a6bb0f170 JavaThread "mysql-cj-abandoned-connection-cleanup" daemon [_thread_blocked, id=66044, stack(0x000000407e100000,0x000000407e200000)]
  0x0000023a6b5d6ce0 JavaThread "helper-scheduler-timer" daemon [_thread_blocked, id=59112, stack(0x000000407e300000,0x000000407e400000)]
  0x0000023a6b5d71f0 JavaThread "ForkJoinPool.commonPool-worker-1" daemon [_thread_blocked, id=18396, stack(0x000000407e500000,0x000000407e600000)]
  0x0000023a6b5d8120 JavaThread "bStats-Metrics" daemon [_thread_blocked, id=39468, stack(0x000000407e600000,0x000000407e700000)]
  0x0000023a6b5d67d0 JavaThread "bStats-Metrics" [_thread_blocked, id=26164, stack(0x000000407de00000,0x000000407df00000)]
  0x0000023a6b5d9050 JavaThread "bStats-Metrics" daemon [_thread_blocked, id=45892, stack(0x000000407e700000,0x000000407e800000)]
  0x0000023a6b5dcd10 JavaThread "WorldGuard Region I/O" [_thread_blocked, id=57712, stack(0x000000407e800000,0x000000407e900000)]
  0x0000023a6b5db8d0 JavaThread "bStats-Metrics" [_thread_blocked, id=44444, stack(0x000000407e900000,0x000000407ea00000)]
  0x0000023a6b5d9560 JavaThread "bStats-Metrics" [_thread_blocked, id=40012, stack(0x000000407e200000,0x000000407e300000)]
  0x0000023a6b9c0d00 JavaThread "lumine-scheduler-timer" daemon [_thread_blocked, id=18256, stack(0x000000407ea00000,0x000000407eb00000)]
  0x0000023a76ddf8b0 JavaThread "helper-scheduler-0" daemon [_thread_blocked, id=53840, stack(0x000000407ec00000,0x000000407ed00000)]
  0x0000023a76de3570 JavaThread "pool-58-thread-1" [_thread_blocked, id=62172, stack(0x000000407e400000,0x000000407e500000)]
  0x0000023a76de1710 JavaThread "bStats-Metrics" [_thread_blocked, id=16012, stack(0x000000407ed00000,0x000000407ee00000)]
  0x0000023a76de3a80 JavaThread "bStats-Metrics" [_thread_blocked, id=11748, stack(0x000000407ee00000,0x000000407ef00000)]
  0x0000023a6b5d5390 JavaThread "ForkJoinPool.commonPool-worker-2" daemon [_thread_blocked, id=67232, stack(0x000000407ef00000,0x000000407f000000)]
  0x0000023a76de2640 JavaThread "bStats-Metrics" [_thread_blocked, id=38468, stack(0x000000407f100000,0x000000407f200000)]
  0x0000023a76de2b50 JavaThread "bStats-Metrics" [_thread_blocked, id=2684, stack(0x000000407f200000,0x000000407f300000)]
  0x0000023a76de0cf0 JavaThread "pool-67-thread-1" [_thread_in_native, id=35548, stack(0x000000407f300000,0x000000407f400000)]
  0x0000023a76de7230 JavaThread "ESGUI_UTIL_THREAD #0" [_thread_blocked, id=12164, stack(0x000000407f400000,0x000000407f500000)]
  0x0000023a76de53d0 JavaThread "HikariPool-1 housekeeper" daemon [_thread_blocked, id=55828, stack(0x000000407f500000,0x000000407f600000)]
  0x0000023a6b5d8630 JavaThread "bStats-Metrics" [_thread_blocked, id=22124, stack(0x000000407f600000,0x000000407f700000)]
  0x0000023a6b5d5db0 JavaThread "bStats-Metrics" daemon [_thread_blocked, id=17692, stack(0x000000407f700000,0x000000407f800000)]
  0x0000023a6f0b7db0 JavaThread "TAB Permission Group Refreshing Thread" [_thread_blocked, id=8300, stack(0x000000407b700000,0x000000407b800000)]
  0x0000023a6f0b87d0 JavaThread "TAB TabList Entry Checker Thread" [_thread_blocked, id=50408, stack(0x000000407f800000,0x000000407f900000)]
  0x0000023a6f0b78a0 JavaThread "TAB Processing Thread" [_thread_blocked, id=42828, stack(0x000000407f900000,0x000000407fa00000)]
  0x0000023a6f0b8ce0 JavaThread "MVStore background writer nio:D:/server-minecraft/plugins/SimpleScore/data-h2.mv.db" daemon [_thread_blocked, id=21728, stack(0x000000407fa00000,0x000000407fb00000)]
  0x0000023a6f0b91f0 JavaThread "bStats-Metrics" [_thread_blocked, id=49608, stack(0x000000407fb00000,0x000000407fc00000)]
  0x0000023a6f0b9700 JavaThread "TAB Placeholder Refreshing Thread" [_thread_blocked, id=54096, stack(0x000000407fc00000,0x000000407fd00000)]
  0x0000023a6f0bb050 JavaThread "InteractiveChat Async ChatPacket Ordered Sending Thread" [_thread_blocked, id=66528, stack(0x000000407a500000,0x000000407a600000)]
  0x0000023a6f0bdde0 JavaThread "InteractiveChat Async Monitor Thread" [_thread_blocked, id=62224, stack(0x000000407ad00000,0x000000407ae00000)]
  0x0000023a6f0ba630 JavaThread "Timer-1" [_thread_blocked, id=17040, stack(0x000000407ae00000,0x000000407af00000)]
  0x0000023a76de6d20 JavaThread "bStats-Metrics" [_thread_blocked, id=47524, stack(0x000000407af00000,0x000000407b000000)]
  0x0000023a76de3f90 JavaThread "xprison-0 housekeeper" daemon [_thread_blocked, id=49220, stack(0x000000407fd00000,0x000000407fe00000)]
  0x0000023a6f0b6970 JavaThread "helper-scheduler-1" daemon [_thread_blocked, id=21764, stack(0x0000004000100000,0x0000004000200000)]
  0x0000023a6f0bd3c0 JavaThread "bStats-Metrics" [_thread_blocked, id=4104, stack(0x0000004000200000,0x0000004000300000)]
  0x0000023a6f0bba70 JavaThread "RCON Listener #1" [_thread_in_native, id=62748, stack(0x0000004000300000,0x0000004000400000)]
  0x0000023a6f0bc490 JavaThread "Java2D Disposer" daemon [_thread_blocked, id=24516, stack(0x0000004000400000,0x0000004000500000)]
  0x0000023a6f0bc9a0 JavaThread "Craft Async Scheduler Management Thread" [_thread_blocked, id=19004, stack(0x0000004000500000,0x0000004000600000)]
  0x0000023a6fbc8a80 JavaThread "Craft Scheduler Thread - 5" [_thread_blocked, id=43936, stack(0x0000004000700000,0x0000004000800000)]
  0x0000023a6fbc7640 JavaThread "Craft Scheduler Thread - 7" [_thread_blocked, id=42856, stack(0x0000004000900000,0x0000004000a00000)]
  0x0000023a6fbc5cf0 JavaThread "Craft Scheduler Thread - 8" [_thread_blocked, id=9260, stack(0x0000004000a00000,0x0000004000b00000)]
  0x0000023a6fbc9ec0 JavaThread "Craft Scheduler Thread - 9" [_thread_blocked, id=54444, stack(0x0000004000b00000,0x0000004000c00000)]
  0x0000023a6fbc7b50 JavaThread "Craft Scheduler Thread - 10" [_thread_blocked, id=56008, stack(0x0000004000c00000,0x0000004000d00000)]
  0x0000023a6fbc8570 JavaThread "Craft Scheduler Thread - 11" [_thread_blocked, id=18072, stack(0x0000004000d00000,0x0000004000e00000)]
  0x0000023a6fbc99b0 JavaThread "Craft Scheduler Thread - 12" [_thread_blocked, id=16864, stack(0x0000004000e00000,0x0000004000f00000)]
  0x0000023a6b5d7700 JavaThread "Craft Scheduler Thread - 18" [_thread_blocked, id=17740, stack(0x0000004001400000,0x0000004001500000)]
  0x0000023a6b5db3c0 JavaThread "Craft Scheduler Thread - 19" [_thread_blocked, id=16188, stack(0x0000004001500000,0x0000004001600000)]
  0x0000023a6b5da9a0 JavaThread "Craft Scheduler Thread - 20" [_thread_blocked, id=46088, stack(0x0000004001600000,0x0000004001700000)]
  0x0000023a6b5dc2f0 JavaThread "Craft Scheduler Thread - 22" [_thread_blocked, id=59524, stack(0x0000004001800000,0x0000004001900000)]
  0x0000023a6b5d9a70 JavaThread "Craft Scheduler Thread - 23" [_thread_blocked, id=14028, stack(0x0000004001900000,0x0000004001a00000)]
  0x0000023a6d8b39c0 JavaThread "Craft Scheduler Thread - 25" [_thread_blocked, id=44876, stack(0x0000004001b00000,0x0000004001c00000)]
  0x0000023a6b9bd040 JavaThread "Craft Scheduler Thread - 29" [_thread_blocked, id=42356, stack(0x0000004001f00000,0x0000004002000000)]
  0x0000023a7575e360 JavaThread "Craft Scheduler Thread - 35" [_thread_blocked, id=40124, stack(0x0000004002500000,0x0000004002600000)]
  0x0000023a7575f290 JavaThread "Timer-2" daemon [_thread_blocked, id=43812, stack(0x0000004002800000,0x0000004002900000)]
  0x0000023a7575ed80 JavaThread "Skript variable save thread for database 'CSV'" [_thread_blocked, id=49724, stack(0x0000004002a00000,0x0000004002b00000)]
  0x0000023a7575bff0 JavaThread "Skript variable save thread" [_thread_blocked, id=39988, stack(0x0000004002b00000,0x0000004002c00000)]
  0x0000023a7575cf20 JavaThread "bStats-Metrics" daemon [_thread_blocked, id=48092, stack(0x0000004002900000,0x0000004002a00000)]
  0x0000023a7ccfb780 JavaThread "Timer-3" daemon [_thread_blocked, id=34160, stack(0x0000004002d00000,0x0000004002e00000)]
  0x0000023a7ccfad60 JavaThread "pool-87-thread-1" [_thread_blocked, id=26876, stack(0x0000004002e00000,0x0000004002f00000)]
  0x0000023a7ccff950 JavaThread "bStats-Metrics" [_thread_blocked, id=54484, stack(0x0000004002f00000,0x0000004003000000)]
  0x0000023a7525a0a0 JavaThread "WorldGuard Region Chunk Table - world" [_thread_blocked, id=25780, stack(0x0000004003000000,0x0000004003100000)]
  0x0000023a75257d30 JavaThread "DecentHolograms Thread #1" daemon [_thread_blocked, id=19060, stack(0x0000004003300000,0x0000004003400000)]
  0x0000023a7525b4e0 JavaThread "DecentHolograms Thread #2" daemon [_thread_blocked, id=29240, stack(0x0000004003400000,0x0000004003500000)]
  0x0000023a7525bf00 JavaThread "DecentHolograms Thread #3" daemon [_thread_blocked, id=47924, stack(0x0000004003500000,0x0000004003600000)]
  0x0000023a7525a5b0 JavaThread "lumine-scheduler-1" daemon [_thread_blocked, id=39460, stack(0x0000004003600000,0x0000004003700000)]
  0x0000023a7525aac0 JavaThread "Netty Server IO #1" daemon [_thread_in_native, id=53024, stack(0x0000004000000000,0x0000004000100000)]
  0x0000023a75259680 JavaThread "User Authenticator #0" [_thread_blocked, id=20912, stack(0x0000004000600000,0x0000004000700000)]
  0x0000023a75257820 JavaThread "ForkJoinPool-3-worker-1" daemon [_thread_blocked, id=58548, stack(0x0000004000800000,0x0000004000900000)]
  0x0000023a7525c410 JavaThread "pool-89-thread-1" [_thread_blocked, id=53192, stack(0x0000004001000000,0x0000004001100000)]
  0x0000023a7ccfa850 JavaThread "Paper Async Task Handler Thread - 0" [_thread_blocked, id=32676, stack(0x0000004001300000,0x0000004001400000)]
  0x0000023a7ccf7fd0 JavaThread "Paper Async Command Builder Thread Pool - 0" [_thread_blocked, id=54368, stack(0x0000004001700000,0x0000004001800000)]
  0x0000023a7ccfb270 JavaThread "InteractiveChat Async ChatMessage Process Scheduling Thread" [_thread_blocked, id=30452, stack(0x0000004001a00000,0x0000004001b00000)]
  0x0000023a7ccf9920 JavaThread "InteractiveChat Async ChatMessage Processing Thread #0" [_thread_blocked, id=60740, stack(0x0000004001c00000,0x0000004001d00000)]
  0x0000023a7ccfc1a0 JavaThread "TAB Header/Footer Thread" [_thread_blocked, id=33928, stack(0x0000004001d00000,0x0000004001e00000)]
  0x0000023a7ccf89f0 JavaThread "TAB Playerlist Objective Thread" [_thread_blocked, id=36500, stack(0x0000004001e00000,0x0000004001f00000)]
  0x0000023a7ccfc6b0 JavaThread "TAB NameTag Thread" [_thread_blocked, id=8688, stack(0x0000004002000000,0x0000004002100000)]
  0x0000023a7ccfe000 JavaThread "WorldGuard Task Executor - 0" [_thread_blocked, id=17384, stack(0x0000004002100000,0x0000004002200000)]
  0x0000023a7ccfea20 JavaThread "InteractiveChat Async ChatMessage Processing Thread #1" [_thread_blocked, id=51452, stack(0x0000004002200000,0x0000004002300000)]
  0x0000023a6fbca8e0 JavaThread "InteractiveChat Async ChatMessage Processing Thread #2" [_thread_blocked, id=51108, stack(0x0000004002300000,0x0000004002400000)]
  0x0000023a6fbcadf0 JavaThread "InteractiveChat Async ChatMessage Processing Thread #3" [_thread_blocked, id=1580, stack(0x0000004002400000,0x0000004002500000)]
  0x0000023a6fbcb300 JavaThread "InteractiveChat Async ChatMessage Processing Thread #4" [_thread_blocked, id=26120, stack(0x0000004002600000,0x0000004002700000)]
  0x0000023a7ccfbc90 JavaThread "InteractiveChat Async ChatMessage Processing Thread #5" [_thread_blocked, id=26492, stack(0x0000004002700000,0x0000004002800000)]
  0x0000023a7ccf8f00 JavaThread "InteractiveChat Async ChatMessage Processing Thread #6" [_thread_blocked, id=39640, stack(0x0000004002c00000,0x0000004002d00000)]
  0x0000023a7ccfcbc0 JavaThread "InteractiveChat Async ChatMessage Processing Thread #7" [_thread_blocked, id=20076, stack(0x0000004003700000,0x0000004003800000)]
  0x0000023a7ccfdaf0 JavaThread "Craft Scheduler Thread - 38" [_thread_blocked, id=11056, stack(0x0000004003800000,0x0000004003900000)]
  0x0000023a7575de50 JavaThread "pool-57-thread-1" [_thread_blocked, id=31520, stack(0x0000004003900000,0x0000004003a00000)]
  0x0000023a6d8b7680 JavaThread "Netty Server IO #2" daemon [_thread_in_native, id=62672, stack(0x0000004003a00000,0x0000004003b00000)]
  0x0000023a6b9bc110 JavaThread "Craft Scheduler Thread - 39" [_thread_blocked, id=15672, stack(0x0000004003b00000,0x0000004003c00000)]
  0x0000023a6b9bd550 JavaThread "Craft Scheduler Thread - 40" [_thread_blocked, id=23692, stack(0x0000004003c00000,0x0000004003d00000)]
  0x0000023a6b9bacd0 JavaThread "Craft Scheduler Thread - 41" [_thread_blocked, id=47504, stack(0x0000004003d00000,0x0000004003e00000)]
  0x0000023a6fbca3d0 JavaThread "Craft Scheduler Thread - 42" [_thread_blocked, id=15272, stack(0x0000004001100000,0x0000004001200000)]
  0x0000023a7ccfe510 JavaThread "ForkJoinPool.commonPool-worker-3" daemon [_thread_blocked, id=28520, stack(0x0000004000f00000,0x0000004001000000)]

Other Threads:
  0x0000023a6588ad70 VMThread "VM Thread" [stack: 0x0000004078100000,0x0000004078200000] [id=41356]
  0x0000023a6a167950 WatcherThread [stack: 0x0000004078c00000,0x0000004078d00000] [id=33456]
  0x0000023a44b0f480 GCTaskThread "GC Thread#0" [stack: 0x0000004077900000,0x0000004077a00000] [id=9760]
  0x0000023a44b4a010 GCTaskThread "GC Thread#1" [stack: 0x0000004077c00000,0x0000004077d00000] [id=6324]
  0x0000023a44b4a7c0 GCTaskThread "GC Thread#2" [stack: 0x0000004077d00000,0x0000004077e00000] [id=42296]
  0x0000023a44b4bae0 GCTaskThread "GC Thread#3" [stack: 0x0000004077e00000,0x0000004077f00000] [id=47156]
  0x0000023a6ba6d3c0 GCTaskThread "GC Thread#4" [stack: 0x0000004079600000,0x0000004079700000] [id=3776]
  0x0000023a6ba6dec0 GCTaskThread "GC Thread#5" [stack: 0x0000004079700000,0x0000004079800000] [id=42624]
  0x0000023a6ba6d680 GCTaskThread "GC Thread#6" [stack: 0x0000004079800000,0x0000004079900000] [id=16572]
  0x0000023a6ba6d100 GCTaskThread "GC Thread#7" [stack: 0x0000004079900000,0x0000004079a00000] [id=53768]
  0x0000023a6ba6ce40 GCTaskThread "GC Thread#8" [stack: 0x0000004079a00000,0x0000004079b00000] [id=19912]
  0x0000023a6ba6c340 GCTaskThread "GC Thread#9" [stack: 0x0000004079b00000,0x0000004079c00000] [id=61972]
  0x0000023a44b14440 ConcurrentGCThread "G1 Main Marker" [stack: 0x0000004077a00000,0x0000004077b00000] [id=21392]
  0x0000023a44b16f30 ConcurrentGCThread "G1 Conc#0" [stack: 0x0000004077b00000,0x0000004077c00000] [id=5312]
  0x0000023a6ba6d940 ConcurrentGCThread "G1 Conc#1" [stack: 0x0000004079c00000,0x0000004079d00000] [id=40808]
  0x0000023a6ba6cb80 ConcurrentGCThread "G1 Conc#2" [stack: 0x0000004079d00000,0x0000004079e00000] [id=14640]
  0x0000023a44b6d960 ConcurrentGCThread "G1 Refine#0" [stack: 0x0000004077f00000,0x0000004078000000] [id=16620]
  0x0000023a6ab834b0 ConcurrentGCThread "G1 Refine#1" [stack: 0x0000004079e00000,0x0000004079f00000] [id=65568]
  0x0000023a6acd7f60 ConcurrentGCThread "G1 Refine#2" [stack: 0x0000004079f00000,0x000000407a000000] [id=32712]
  0x0000023a6c104cc0 ConcurrentGCThread "G1 Refine#3" [stack: 0x000000407a000000,0x000000407a100000] [id=43336]
  0x0000023a6a58da00 ConcurrentGCThread "G1 Refine#4" [stack: 0x000000407a100000,0x000000407a200000] [id=49240]
  0x0000023a6a79d5d0 ConcurrentGCThread "G1 Refine#5" [stack: 0x000000407a200000,0x000000407a300000] [id=57428]
  0x0000023a6a52d2d0 ConcurrentGCThread "G1 Refine#6" [stack: 0x000000407a300000,0x000000407a400000] [id=47900]
  0x0000023a6a335900 ConcurrentGCThread "G1 Refine#7" [stack: 0x000000407a400000,0x000000407a500000] [id=16480]
  0x0000023a6b0e1ed0 ConcurrentGCThread "G1 Refine#8" [stack: 0x000000407a700000,0x000000407a800000] [id=11784]
  0x0000023a6f4cd140 ConcurrentGCThread "G1 Refine#9" [stack: 0x000000407b800000,0x000000407b900000] [id=42720]
  0x0000023a44b6e140 ConcurrentGCThread "G1 Service" [stack: 0x0000004078000000,0x0000004078100000] [id=1904]

Threads with active compile tasks:
C2 CompilerThread0  135439 41713       4       io.papermc.paper.util.CollisionUtil::getCollisionsForBlocksOrWorldBorder (1315 bytes)

VM state: not at safepoint (normal execution)

VM Mutex/Monitor currently owned by a thread: None

Heap address: 0x0000000700000000, size: 4096 MB, Compressed Oops mode: Zero based, Oop shift amount: 3

CDS archive(s) mapped at: [0x0000023a00000000-0x0000023a00a50000-0x0000023a00a50000), size 10813440, SharedBaseAddress: 0x0000023a00000000, ArchiveRelocationMode: 1.
Compressed class space mapped at: 0x0000023a01000000-0x0000023a41000000, reserved size: 1073741824
Narrow klass base: 0x0000023a00000000, Narrow klass shift: 0, Narrow klass range: 0x100000000

GC Precious Log:
 CPUs: 12 total, 12 available
 Memory: 16267M
 Large Page Support: Disabled
 NUMA Support: Disabled
 Compressed Oops: Enabled (Zero based)
 Heap Region Size: 8M
 Heap Min Capacity: 4G
 Heap Initial Capacity: 4G
 Heap Max Capacity: 4G
 Pre-touch: Enabled
 Parallel Workers: 10
 Concurrent Workers: 3
 Concurrent Refinement Workers: 10
 Periodic GC: Disabled

Heap:
 garbage-first heap   total 4194304K, used 1370417K [0x0000000700000000, 0x0000000800000000)
  region size 8192K, 45 young (368640K), 4 survivors (32768K)
 Metaspace       used 288854K, committed 291968K, reserved 1310720K
  class space    used 41251K, committed 42752K, reserved 1048576K

Heap Regions: E=young(eden), S=young(survivor), O=old, HS=humongous(starts), HC=humongous(continues), CS=collection set, F=free, OA=open archive, CA=closed archive, TAMS=top-at-mark-start (previous, next)
|   0|0x0000000700000000, 0x0000000700800000, 0x0000000700800000|100%| O|  |TAMS 0x0000000700800000, 0x0000000700000000| Untracked 
|   1|0x0000000700800000, 0x0000000701000000, 0x0000000701000000|100%| O|  |TAMS 0x0000000701000000, 0x0000000700800000| Untracked 
|   2|0x0000000701000000, 0x0000000701800000, 0x0000000701800000|100%| O|  |TAMS 0x0000000701800000, 0x0000000701000000| Untracked 
|   3|0x0000000701800000, 0x0000000702000000, 0x0000000702000000|100%| O|  |TAMS 0x0000000702000000, 0x0000000701800000| Untracked 
|   4|0x0000000702000000, 0x0000000702800000, 0x0000000702800000|100%| O|  |TAMS 0x0000000702800000, 0x0000000702000000| Untracked 
|   5|0x0000000702800000, 0x0000000703000000, 0x0000000703000000|100%| O|  |TAMS 0x0000000703000000, 0x0000000702800000| Untracked 
|   6|0x0000000703000000, 0x0000000703800000, 0x0000000703800000|100%| O|  |TAMS 0x0000000703800000, 0x0000000703000000| Untracked 
|   7|0x0000000703800000, 0x0000000704000000, 0x0000000704000000|100%| O|  |TAMS 0x0000000704000000, 0x0000000703800000| Untracked 
|   8|0x0000000704000000, 0x0000000704800000, 0x0000000704800000|100%| O|  |TAMS 0x0000000704800000, 0x0000000704000000| Untracked 
|   9|0x0000000704800000, 0x0000000705000000, 0x0000000705000000|100%| O|  |TAMS 0x0000000705000000, 0x0000000704800000| Untracked 
|  10|0x0000000705000000, 0x0000000705800000, 0x0000000705800000|100%| O|  |TAMS 0x0000000705800000, 0x0000000705000000| Untracked 
|  11|0x0000000705800000, 0x0000000706000000, 0x0000000706000000|100%| O|  |TAMS 0x0000000706000000, 0x0000000705800000| Untracked 
|  12|0x0000000706000000, 0x0000000706800000, 0x0000000706800000|100%| O|  |TAMS 0x0000000706800000, 0x0000000706000000| Untracked 
|  13|0x0000000706800000, 0x0000000707000000, 0x0000000707000000|100%| O|  |TAMS 0x0000000707000000, 0x0000000706800000| Untracked 
|  14|0x0000000707000000, 0x0000000707800000, 0x0000000707800000|100%| O|  |TAMS 0x0000000707800000, 0x0000000707000000| Untracked 
|  15|0x0000000707800000, 0x0000000708000000, 0x0000000708000000|100%| O|  |TAMS 0x0000000708000000, 0x0000000707800000| Untracked 
|  16|0x0000000708000000, 0x0000000708800000, 0x0000000708800000|100%| O|  |TAMS 0x0000000708800000, 0x0000000708000000| Untracked 
|  17|0x0000000708800000, 0x0000000709000000, 0x0000000709000000|100%| O|  |TAMS 0x0000000709000000, 0x0000000708800000| Untracked 
|  18|0x0000000709000000, 0x0000000709800000, 0x0000000709800000|100%| O|  |TAMS 0x0000000709800000, 0x0000000709000000| Untracked 
|  19|0x0000000709800000, 0x000000070a000000, 0x000000070a000000|100%| O|  |TAMS 0x000000070a000000, 0x0000000709800000| Untracked 
|  20|0x000000070a000000, 0x000000070a800000, 0x000000070a800000|100%| O|  |TAMS 0x000000070a800000, 0x000000070a000000| Untracked 
|  21|0x000000070a800000, 0x000000070b000000, 0x000000070b000000|100%| O|  |TAMS 0x000000070b000000, 0x000000070a800000| Untracked 
|  22|0x000000070b000000, 0x000000070b800000, 0x000000070b800000|100%| O|  |TAMS 0x000000070b800000, 0x000000070b000000| Untracked 
|  23|0x000000070b800000, 0x000000070c000000, 0x000000070c000000|100%| O|  |TAMS 0x000000070c000000, 0x000000070b800000| Untracked 
|  24|0x000000070c000000, 0x000000070c800000, 0x000000070c800000|100%| O|  |TAMS 0x000000070c800000, 0x000000070c000000| Untracked 
|  25|0x000000070c800000, 0x000000070d000000, 0x000000070d000000|100%| O|  |TAMS 0x000000070d000000, 0x000000070c800000| Untracked 
|  26|0x000000070d000000, 0x000000070d800000, 0x000000070d800000|100%| O|  |TAMS 0x000000070d800000, 0x000000070d000000| Untracked 
|  27|0x000000070d800000, 0x000000070e000000, 0x000000070e000000|100%| O|  |TAMS 0x000000070e000000, 0x000000070d800000| Untracked 
|  28|0x000000070e000000, 0x000000070e800000, 0x000000070e800000|100%| O|  |TAMS 0x000000070e800000, 0x000000070e000000| Untracked 
|  29|0x000000070e800000, 0x000000070f000000, 0x000000070f000000|100%| O|  |TAMS 0x000000070f000000, 0x000000070e800000| Untracked 
|  30|0x000000070f000000, 0x000000070f800000, 0x000000070f800000|100%| O|  |TAMS 0x000000070f800000, 0x000000070f000000| Untracked 
|  31|0x000000070f800000, 0x0000000710000000, 0x0000000710000000|100%| O|  |TAMS 0x0000000710000000, 0x000000070f800000| Untracked 
|  32|0x0000000710000000, 0x0000000710800000, 0x0000000710800000|100%| O|  |TAMS 0x0000000710800000, 0x0000000710000000| Untracked 
|  33|0x0000000710800000, 0x0000000711000000, 0x0000000711000000|100%| O|  |TAMS 0x0000000711000000, 0x0000000710800000| Untracked 
|  34|0x0000000711000000, 0x0000000711800000, 0x0000000711800000|100%| O|  |TAMS 0x0000000711800000, 0x0000000711000000| Untracked 
|  35|0x0000000711800000, 0x0000000712000000, 0x0000000712000000|100%| O|  |TAMS 0x0000000712000000, 0x0000000711800000| Untracked 
|  36|0x0000000712000000, 0x0000000712800000, 0x0000000712800000|100%| O|  |TAMS 0x0000000712800000, 0x0000000712000000| Untracked 
|  37|0x0000000712800000, 0x0000000713000000, 0x0000000713000000|100%| O|  |TAMS 0x0000000713000000, 0x0000000712800000| Untracked 
|  38|0x0000000713000000, 0x0000000713800000, 0x0000000713800000|100%| O|  |TAMS 0x0000000713800000, 0x0000000713000000| Untracked 
|  39|0x0000000713800000, 0x0000000714000000, 0x0000000714000000|100%| O|  |TAMS 0x0000000714000000, 0x0000000713800000| Untracked 
|  40|0x0000000714000000, 0x0000000714800000, 0x0000000714800000|100%| O|  |TAMS 0x0000000714800000, 0x0000000714000000| Untracked 
|  41|0x0000000714800000, 0x0000000715000000, 0x0000000715000000|100%| O|  |TAMS 0x0000000715000000, 0x0000000714800000| Untracked 
|  42|0x0000000715000000, 0x0000000715800000, 0x0000000715800000|100%| O|  |TAMS 0x0000000715800000, 0x0000000715000000| Untracked 
|  43|0x0000000715800000, 0x0000000716000000, 0x0000000716000000|100%| O|  |TAMS 0x0000000716000000, 0x0000000715800000| Untracked 
|  44|0x0000000716000000, 0x0000000716800000, 0x0000000716800000|100%| O|  |TAMS 0x0000000716800000, 0x0000000716000000| Untracked 
|  45|0x0000000716800000, 0x0000000717000000, 0x0000000717000000|100%| O|  |TAMS 0x0000000717000000, 0x0000000716800000| Untracked 
|  46|0x0000000717000000, 0x0000000717800000, 0x0000000717800000|100%| O|  |TAMS 0x0000000717800000, 0x0000000717000000| Untracked 
|  47|0x0000000717800000, 0x0000000718000000, 0x0000000718000000|100%| O|  |TAMS 0x0000000718000000, 0x0000000717800000| Untracked 
|  48|0x0000000718000000, 0x0000000718800000, 0x0000000718800000|100%| O|  |TAMS 0x0000000718800000, 0x0000000718000000| Untracked 
|  49|0x0000000718800000, 0x0000000719000000, 0x0000000719000000|100%| O|  |TAMS 0x0000000719000000, 0x0000000718800000| Untracked 
|  50|0x0000000719000000, 0x0000000719800000, 0x0000000719800000|100%| O|  |TAMS 0x0000000719800000, 0x0000000719000000| Untracked 
|  51|0x0000000719800000, 0x000000071a000000, 0x000000071a000000|100%| O|  |TAMS 0x0000000719800000, 0x0000000719800000| Untracked 
|  52|0x000000071a000000, 0x000000071a800000, 0x000000071a800000|100%| O|  |TAMS 0x000000071a000000, 0x000000071a000000| Untracked 
|  53|0x000000071a800000, 0x000000071b000000, 0x000000071b000000|100%| O|  |TAMS 0x000000071b000000, 0x000000071a800000| Untracked 
|  54|0x000000071b000000, 0x000000071b800000, 0x000000071b800000|100%| O|  |TAMS 0x000000071b800000, 0x000000071b000000| Untracked 
|  55|0x000000071b800000, 0x000000071c000000, 0x000000071c000000|100%| O|  |TAMS 0x000000071c000000, 0x000000071b800000| Untracked 
|  56|0x000000071c000000, 0x000000071c800000, 0x000000071c800000|100%| O|  |TAMS 0x000000071c800000, 0x000000071c000000| Untracked 
|  57|0x000000071c800000, 0x000000071d000000, 0x000000071d000000|100%| O|  |TAMS 0x000000071d000000, 0x000000071c800000| Untracked 
|  58|0x000000071d000000, 0x000000071d800000, 0x000000071d800000|100%| O|  |TAMS 0x000000071d800000, 0x000000071d000000| Complete 
|  59|0x000000071d800000, 0x000000071e000000, 0x000000071e000000|100%| O|  |TAMS 0x000000071e000000, 0x000000071d800000| Untracked 
|  60|0x000000071e000000, 0x000000071e800000, 0x000000071e800000|100%| O|  |TAMS 0x000000071e800000, 0x000000071e000000| Untracked 
|  61|0x000000071e800000, 0x000000071f000000, 0x000000071f000000|100%| O|  |TAMS 0x000000071f000000, 0x000000071e800000| Untracked 
|  62|0x000000071f000000, 0x000000071f800000, 0x000000071f800000|100%| O|  |TAMS 0x000000071f800000, 0x000000071f000000| Untracked 
|  63|0x000000071f800000, 0x0000000720000000, 0x0000000720000000|100%| O|  |TAMS 0x0000000720000000, 0x000000071f800000| Complete 
|  64|0x0000000720000000, 0x0000000720800000, 0x0000000720800000|100%|HS|  |TAMS 0x0000000720800000, 0x0000000720000000| Complete 
|  65|0x0000000720800000, 0x0000000721000000, 0x0000000721000000|100%|HC|  |TAMS 0x0000000721000000, 0x0000000720800000| Complete 
|  66|0x0000000721000000, 0x0000000721800000, 0x0000000721800000|100%| O|  |TAMS 0x0000000721000000, 0x0000000721000000| Untracked 
|  67|0x0000000721800000, 0x0000000722000000, 0x0000000722000000|100%| O|  |TAMS 0x0000000722000000, 0x0000000721800000| Untracked 
|  68|0x0000000722000000, 0x0000000722800000, 0x0000000722800000|100%| O|  |TAMS 0x0000000722800000, 0x0000000722000000| Complete 
|  69|0x0000000722800000, 0x0000000723000000, 0x0000000723000000|100%| O|  |TAMS 0x0000000723000000, 0x0000000722800000| Untracked 
|  70|0x0000000723000000, 0x0000000723800000, 0x0000000723800000|100%| O|  |TAMS 0x0000000723800000, 0x0000000723000000| Complete 
|  71|0x0000000723800000, 0x0000000724000000, 0x0000000724000000|100%| O|  |TAMS 0x0000000724000000, 0x0000000723800000| Complete 
|  72|0x0000000724000000, 0x0000000724000000, 0x0000000724800000|  0%| F|  |TAMS 0x0000000724000000, 0x0000000724000000| Untracked 
|  73|0x0000000724800000, 0x0000000724800000, 0x0000000725000000|  0%| F|  |TAMS 0x0000000724800000, 0x0000000724800000| Untracked 
|  74|0x0000000725000000, 0x0000000725000000, 0x0000000725800000|  0%| F|  |TAMS 0x0000000725000000, 0x0000000725000000| Untracked 
|  75|0x0000000725800000, 0x0000000725800000, 0x0000000726000000|  0%| F|  |TAMS 0x0000000725800000, 0x0000000725800000| Untracked 
|  76|0x0000000726000000, 0x0000000726800000, 0x0000000726800000|100%| O|  |TAMS 0x0000000726800000, 0x0000000726000000| Untracked 
|  77|0x0000000726800000, 0x0000000726800000, 0x0000000727000000|  0%| F|  |TAMS 0x0000000726800000, 0x0000000726800000| Untracked 
|  78|0x0000000727000000, 0x0000000727000000, 0x0000000727800000|  0%| F|  |TAMS 0x0000000727000000, 0x0000000727000000| Untracked 
|  79|0x0000000727800000, 0x0000000727800000, 0x0000000728000000|  0%| F|  |TAMS 0x0000000727800000, 0x0000000727800000| Untracked 
|  80|0x0000000728000000, 0x0000000728000000, 0x0000000728800000|  0%| F|  |TAMS 0x0000000728000000, 0x0000000728000000| Untracked 
|  81|0x0000000728800000, 0x0000000729000000, 0x0000000729000000|100%| O|  |TAMS 0x0000000729000000, 0x0000000728800000| Complete 
|  82|0x0000000729000000, 0x0000000729800000, 0x0000000729800000|100%| O|  |TAMS 0x0000000729800000, 0x0000000729000000| Untracked 
|  83|0x0000000729800000, 0x000000072a000000, 0x000000072a000000|100%| O|  |TAMS 0x000000072a000000, 0x0000000729800000| Untracked 
|  84|0x000000072a000000, 0x000000072a800000, 0x000000072a800000|100%| O|  |TAMS 0x000000072a800000, 0x000000072a000000| Untracked 
|  85|0x000000072a800000, 0x000000072b000000, 0x000000072b000000|100%| O|  |TAMS 0x000000072b000000, 0x000000072a800000| Untracked 
|  86|0x000000072b000000, 0x000000072b800000, 0x000000072b800000|100%| O|  |TAMS 0x000000072b800000, 0x000000072b000000| Untracked 
|  87|0x000000072b800000, 0x000000072c000000, 0x000000072c000000|100%| O|  |TAMS 0x000000072c000000, 0x000000072b800000| Untracked 
|  88|0x000000072c000000, 0x000000072c800000, 0x000000072c800000|100%| O|  |TAMS 0x000000072c800000, 0x000000072c000000| Untracked 
|  89|0x000000072c800000, 0x000000072c800000, 0x000000072d000000|  0%| F|  |TAMS 0x000000072c800000, 0x000000072c800000| Untracked 
|  90|0x000000072d000000, 0x000000072d800000, 0x000000072d800000|100%| O|  |TAMS 0x000000072d800000, 0x000000072d000000| Untracked 
|  91|0x000000072d800000, 0x000000072e000000, 0x000000072e000000|100%| O|  |TAMS 0x000000072e000000, 0x000000072d800000| Untracked 
|  92|0x000000072e000000, 0x000000072e800000, 0x000000072e800000|100%| O|  |TAMS 0x000000072e800000, 0x000000072e000000| Untracked 
|  93|0x000000072e800000, 0x000000072f000000, 0x000000072f000000|100%| O|  |TAMS 0x000000072f000000, 0x000000072e800000| Untracked 
|  94|0x000000072f000000, 0x000000072f800000, 0x000000072f800000|100%| O|  |TAMS 0x000000072f800000, 0x000000072f000000| Untracked 
|  95|0x000000072f800000, 0x0000000730000000, 0x0000000730000000|100%| O|  |TAMS 0x0000000730000000, 0x000000072f800000| Complete 
|  96|0x0000000730000000, 0x0000000730000000, 0x0000000730800000|  0%| F|  |TAMS 0x0000000730000000, 0x0000000730000000| Untracked 
|  97|0x0000000730800000, 0x0000000730800000, 0x0000000731000000|  0%| F|  |TAMS 0x0000000730800000, 0x0000000730800000| Untracked 
|  98|0x0000000731000000, 0x0000000731000000, 0x0000000731800000|  0%| F|  |TAMS 0x0000000731000000, 0x0000000731000000| Untracked 
|  99|0x0000000731800000, 0x0000000732000000, 0x0000000732000000|100%| O|  |TAMS 0x0000000732000000, 0x0000000731800000| Untracked 
| 100|0x0000000732000000, 0x0000000732800000, 0x0000000732800000|100%| O|  |TAMS 0x0000000732800000, 0x0000000732000000| Untracked 
| 101|0x0000000732800000, 0x0000000733000000, 0x0000000733000000|100%| O|  |TAMS 0x0000000733000000, 0x0000000732800000| Untracked 
| 102|0x0000000733000000, 0x0000000733800000, 0x0000000733800000|100%| O|  |TAMS 0x0000000733800000, 0x0000000733000000| Untracked 
| 103|0x0000000733800000, 0x0000000734000000, 0x0000000734000000|100%| O|  |TAMS 0x0000000734000000, 0x0000000733800000| Untracked 
| 104|0x0000000734000000, 0x0000000734800000, 0x0000000734800000|100%| O|  |TAMS 0x0000000734800000, 0x0000000734000000| Complete 
| 105|0x0000000734800000, 0x0000000735000000, 0x0000000735000000|100%| O|  |TAMS 0x0000000735000000, 0x0000000734800000| Untracked 
| 106|0x0000000735000000, 0x0000000735800000, 0x0000000735800000|100%| O|  |TAMS 0x0000000735800000, 0x0000000735000000| Untracked 
| 107|0x0000000735800000, 0x0000000736000000, 0x0000000736000000|100%| O|  |TAMS 0x0000000736000000, 0x0000000735800000| Untracked 
| 108|0x0000000736000000, 0x0000000736800000, 0x0000000736800000|100%| O|  |TAMS 0x0000000736800000, 0x0000000736000000| Untracked 
| 109|0x0000000736800000, 0x0000000737000000, 0x0000000737000000|100%| O|  |TAMS 0x0000000737000000, 0x0000000736800000| Complete 
| 110|0x0000000737000000, 0x0000000737800000, 0x0000000737800000|100%| O|  |TAMS 0x0000000737800000, 0x0000000737000000| Untracked 
| 111|0x0000000737800000, 0x0000000738000000, 0x0000000738000000|100%| O|  |TAMS 0x0000000738000000, 0x0000000737800000| Untracked 
| 112|0x0000000738000000, 0x0000000738800000, 0x0000000738800000|100%| O|  |TAMS 0x0000000738800000, 0x0000000738000000| Untracked 
| 113|0x0000000738800000, 0x0000000739000000, 0x0000000739000000|100%| O|  |TAMS 0x0000000739000000, 0x0000000738800000| Complete 
| 114|0x0000000739000000, 0x0000000739800000, 0x0000000739800000|100%| O|  |TAMS 0x0000000739800000, 0x0000000739000000| Untracked 
| 115|0x0000000739800000, 0x000000073a000000, 0x000000073a000000|100%| O|  |TAMS 0x000000073a000000, 0x0000000739800000| Untracked 
| 116|0x000000073a000000, 0x000000073a000000, 0x000000073a800000|  0%| F|  |TAMS 0x000000073a000000, 0x000000073a000000| Untracked 
| 117|0x000000073a800000, 0x000000073a800000, 0x000000073b000000|  0%| F|  |TAMS 0x000000073a800000, 0x000000073a800000| Untracked 
| 118|0x000000073b000000, 0x000000073b800000, 0x000000073b800000|100%| O|  |TAMS 0x000000073b800000, 0x000000073b000000| Untracked 
| 119|0x000000073b800000, 0x000000073c000000, 0x000000073c000000|100%| O|  |TAMS 0x000000073c000000, 0x000000073b800000| Untracked 
| 120|0x000000073c000000, 0x000000073c800000, 0x000000073c800000|100%| O|  |TAMS 0x000000073c800000, 0x000000073c000000| Untracked 
| 121|0x000000073c800000, 0x000000073d000000, 0x000000073d000000|100%| O|  |TAMS 0x000000073d000000, 0x000000073c800000| Complete 
| 122|0x000000073d000000, 0x000000073d800000, 0x000000073d800000|100%| O|  |TAMS 0x000000073d800000, 0x000000073d000000| Complete 
| 123|0x000000073d800000, 0x000000073e000000, 0x000000073e000000|100%| O|  |TAMS 0x000000073e000000, 0x000000073d800000| Complete 
| 124|0x000000073e000000, 0x000000073e800000, 0x000000073e800000|100%| O|  |TAMS 0x000000073e800000, 0x000000073e000000| Untracked 
| 125|0x000000073e800000, 0x000000073f000000, 0x000000073f000000|100%| O|  |TAMS 0x000000073f000000, 0x000000073e800000| Untracked 
| 126|0x000000073f000000, 0x000000073f800000, 0x000000073f800000|100%| O|  |TAMS 0x000000073f800000, 0x000000073f000000| Untracked 
| 127|0x000000073f800000, 0x0000000740000000, 0x0000000740000000|100%| O|  |TAMS 0x0000000740000000, 0x000000073f800000| Complete 
| 128|0x0000000740000000, 0x0000000740000000, 0x0000000740800000|  0%| F|  |TAMS 0x0000000740000000, 0x0000000740000000| Untracked 
| 129|0x0000000740800000, 0x0000000740800000, 0x0000000741000000|  0%| F|  |TAMS 0x0000000740800000, 0x0000000740800000| Untracked 
| 130|0x0000000741000000, 0x0000000741000000, 0x0000000741800000|  0%| F|  |TAMS 0x0000000741000000, 0x0000000741000000| Untracked 
| 131|0x0000000741800000, 0x0000000742000000, 0x0000000742000000|100%| O|  |TAMS 0x0000000742000000, 0x0000000741800000| Untracked 
| 132|0x0000000742000000, 0x0000000742800000, 0x0000000742800000|100%| O|  |TAMS 0x0000000742800000, 0x0000000742000000| Untracked 
| 133|0x0000000742800000, 0x0000000743000000, 0x0000000743000000|100%| O|  |TAMS 0x0000000743000000, 0x0000000742800000| Untracked 
| 134|0x0000000743000000, 0x0000000743800000, 0x0000000743800000|100%| O|  |TAMS 0x0000000743800000, 0x0000000743000000| Untracked 
| 135|0x0000000743800000, 0x0000000744000000, 0x0000000744000000|100%| O|  |TAMS 0x0000000744000000, 0x0000000743800000| Untracked 
| 136|0x0000000744000000, 0x0000000744800000, 0x0000000744800000|100%| O|  |TAMS 0x0000000744800000, 0x0000000744000000| Untracked 
| 137|0x0000000744800000, 0x0000000745000000, 0x0000000745000000|100%| O|  |TAMS 0x0000000745000000, 0x0000000744800000| Untracked 
| 138|0x0000000745000000, 0x0000000745800000, 0x0000000745800000|100%| O|  |TAMS 0x0000000745800000, 0x0000000745000000| Complete 
| 139|0x0000000745800000, 0x0000000746000000, 0x0000000746000000|100%| O|  |TAMS 0x0000000746000000, 0x0000000745800000| Complete 
| 140|0x0000000746000000, 0x0000000746800000, 0x0000000746800000|100%| O|  |TAMS 0x00000007462fb800, 0x0000000746000000| Untracked 
| 141|0x0000000746800000, 0x0000000746800000, 0x0000000747000000|  0%| F|  |TAMS 0x0000000746800000, 0x0000000746800000| Untracked 
| 142|0x0000000747000000, 0x0000000747000000, 0x0000000747800000|  0%| F|  |TAMS 0x0000000747000000, 0x0000000747000000| Untracked 
| 143|0x0000000747800000, 0x0000000747800000, 0x0000000748000000|  0%| F|  |TAMS 0x0000000747800000, 0x0000000747800000| Untracked 
| 144|0x0000000748000000, 0x0000000748000000, 0x0000000748800000|  0%| F|  |TAMS 0x0000000748000000, 0x0000000748000000| Untracked 
| 145|0x0000000748800000, 0x0000000748800000, 0x0000000749000000|  0%| F|  |TAMS 0x0000000748800000, 0x0000000748800000| Untracked 
| 146|0x0000000749000000, 0x0000000749000000, 0x0000000749800000|  0%| F|  |TAMS 0x0000000749000000, 0x0000000749000000| Untracked 
| 147|0x0000000749800000, 0x0000000749800000, 0x000000074a000000|  0%| F|  |TAMS 0x0000000749800000, 0x0000000749800000| Untracked 
| 148|0x000000074a000000, 0x000000074a000000, 0x000000074a800000|  0%| F|  |TAMS 0x000000074a000000, 0x000000074a000000| Untracked 
| 149|0x000000074a800000, 0x000000074a800000, 0x000000074b000000|  0%| F|  |TAMS 0x000000074a800000, 0x000000074a800000| Untracked 
| 150|0x000000074b000000, 0x000000074b000000, 0x000000074b800000|  0%| F|  |TAMS 0x000000074b000000, 0x000000074b000000| Untracked 
| 151|0x000000074b800000, 0x000000074b800000, 0x000000074c000000|  0%| F|  |TAMS 0x000000074b800000, 0x000000074b800000| Untracked 
| 152|0x000000074c000000, 0x000000074c000000, 0x000000074c800000|  0%| F|  |TAMS 0x000000074c000000, 0x000000074c000000| Untracked 
| 153|0x000000074c800000, 0x000000074c800000, 0x000000074d000000|  0%| F|  |TAMS 0x000000074c800000, 0x000000074c800000| Untracked 
| 154|0x000000074d000000, 0x000000074d000000, 0x000000074d800000|  0%| F|  |TAMS 0x000000074d000000, 0x000000074d000000| Untracked 
| 155|0x000000074d800000, 0x000000074d800000, 0x000000074e000000|  0%| F|  |TAMS 0x000000074d800000, 0x000000074d800000| Untracked 
| 156|0x000000074e000000, 0x000000074e000000, 0x000000074e800000|  0%| F|  |TAMS 0x000000074e000000, 0x000000074e000000| Untracked 
| 157|0x000000074e800000, 0x000000074e800000, 0x000000074f000000|  0%| F|  |TAMS 0x000000074e800000, 0x000000074e800000| Untracked 
| 158|0x000000074f000000, 0x000000074f000000, 0x000000074f800000|  0%| F|  |TAMS 0x000000074f000000, 0x000000074f000000| Untracked 
| 159|0x000000074f800000, 0x000000074f800000, 0x0000000750000000|  0%| F|  |TAMS 0x000000074f800000, 0x000000074f800000| Untracked 
| 160|0x0000000750000000, 0x0000000750000000, 0x0000000750800000|  0%| F|  |TAMS 0x0000000750000000, 0x0000000750000000| Untracked 
| 161|0x0000000750800000, 0x0000000750800000, 0x0000000751000000|  0%| F|  |TAMS 0x0000000750800000, 0x0000000750800000| Untracked 
| 162|0x0000000751000000, 0x0000000751000000, 0x0000000751800000|  0%| F|  |TAMS 0x0000000751000000, 0x0000000751000000| Untracked 
| 163|0x0000000751800000, 0x0000000751800000, 0x0000000752000000|  0%| F|  |TAMS 0x0000000751800000, 0x0000000751800000| Untracked 
| 164|0x0000000752000000, 0x0000000752000000, 0x0000000752800000|  0%| F|  |TAMS 0x0000000752000000, 0x0000000752000000| Untracked 
| 165|0x0000000752800000, 0x0000000752800000, 0x0000000753000000|  0%| F|  |TAMS 0x0000000752800000, 0x0000000752800000| Untracked 
| 166|0x0000000753000000, 0x0000000753000000, 0x0000000753800000|  0%| F|  |TAMS 0x0000000753000000, 0x0000000753000000| Untracked 
| 167|0x0000000753800000, 0x0000000753800000, 0x0000000754000000|  0%| F|  |TAMS 0x0000000753800000, 0x0000000753800000| Untracked 
| 168|0x0000000754000000, 0x0000000754000000, 0x0000000754800000|  0%| F|  |TAMS 0x0000000754000000, 0x0000000754000000| Untracked 
| 169|0x0000000754800000, 0x0000000754800000, 0x0000000755000000|  0%| F|  |TAMS 0x0000000754800000, 0x0000000754800000| Untracked 
| 170|0x0000000755000000, 0x0000000755000000, 0x0000000755800000|  0%| F|  |TAMS 0x0000000755000000, 0x0000000755000000| Untracked 
| 171|0x0000000755800000, 0x0000000755800000, 0x0000000756000000|  0%| F|  |TAMS 0x0000000755800000, 0x0000000755800000| Untracked 
| 172|0x0000000756000000, 0x0000000756000000, 0x0000000756800000|  0%| F|  |TAMS 0x0000000756000000, 0x0000000756000000| Untracked 
| 173|0x0000000756800000, 0x0000000756800000, 0x0000000757000000|  0%| F|  |TAMS 0x0000000756800000, 0x0000000756800000| Untracked 
| 174|0x0000000757000000, 0x0000000757000000, 0x0000000757800000|  0%| F|  |TAMS 0x0000000757000000, 0x0000000757000000| Untracked 
| 175|0x0000000757800000, 0x0000000757800000, 0x0000000758000000|  0%| F|  |TAMS 0x0000000757800000, 0x0000000757800000| Untracked 
| 176|0x0000000758000000, 0x0000000758000000, 0x0000000758800000|  0%| F|  |TAMS 0x0000000758000000, 0x0000000758000000| Untracked 
| 177|0x0000000758800000, 0x0000000758800000, 0x0000000759000000|  0%| F|  |TAMS 0x0000000758800000, 0x0000000758800000| Untracked 
| 178|0x0000000759000000, 0x0000000759000000, 0x0000000759800000|  0%| F|  |TAMS 0x0000000759000000, 0x0000000759000000| Untracked 
| 179|0x0000000759800000, 0x0000000759800000, 0x000000075a000000|  0%| F|  |TAMS 0x0000000759800000, 0x0000000759800000| Untracked 
| 180|0x000000075a000000, 0x000000075a000000, 0x000000075a800000|  0%| F|  |TAMS 0x000000075a000000, 0x000000075a000000| Untracked 
| 181|0x000000075a800000, 0x000000075a800000, 0x000000075b000000|  0%| F|  |TAMS 0x000000075a800000, 0x000000075a800000| Untracked 
| 182|0x000000075b000000, 0x000000075b000000, 0x000000075b800000|  0%| F|  |TAMS 0x000000075b000000, 0x000000075b000000| Untracked 
| 183|0x000000075b800000, 0x000000075b800000, 0x000000075c000000|  0%| F|  |TAMS 0x000000075b800000, 0x000000075b800000| Untracked 
| 184|0x000000075c000000, 0x000000075c000000, 0x000000075c800000|  0%| F|  |TAMS 0x000000075c000000, 0x000000075c000000| Untracked 
| 185|0x000000075c800000, 0x000000075c800000, 0x000000075d000000|  0%| F|  |TAMS 0x000000075c800000, 0x000000075c800000| Untracked 
| 186|0x000000075d000000, 0x000000075d000000, 0x000000075d800000|  0%| F|  |TAMS 0x000000075d000000, 0x000000075d000000| Untracked 
| 187|0x000000075d800000, 0x000000075d800000, 0x000000075e000000|  0%| F|  |TAMS 0x000000075d800000, 0x000000075d800000| Untracked 
| 188|0x000000075e000000, 0x000000075e000000, 0x000000075e800000|  0%| F|  |TAMS 0x000000075e000000, 0x000000075e000000| Untracked 
| 189|0x000000075e800000, 0x000000075e800000, 0x000000075f000000|  0%| F|  |TAMS 0x000000075e800000, 0x000000075e800000| Untracked 
| 190|0x000000075f000000, 0x000000075f000000, 0x000000075f800000|  0%| F|  |TAMS 0x000000075f000000, 0x000000075f000000| Untracked 
| 191|0x000000075f800000, 0x000000075f800000, 0x0000000760000000|  0%| F|  |TAMS 0x000000075f800000, 0x000000075f800000| Untracked 
| 192|0x0000000760000000, 0x0000000760000000, 0x0000000760800000|  0%| F|  |TAMS 0x0000000760000000, 0x0000000760000000| Untracked 
| 193|0x0000000760800000, 0x0000000760800000, 0x0000000761000000|  0%| F|  |TAMS 0x0000000760800000, 0x0000000760800000| Untracked 
| 194|0x0000000761000000, 0x0000000761000000, 0x0000000761800000|  0%| F|  |TAMS 0x0000000761000000, 0x0000000761000000| Untracked 
| 195|0x0000000761800000, 0x0000000761800000, 0x0000000762000000|  0%| F|  |TAMS 0x0000000761800000, 0x0000000761800000| Untracked 
| 196|0x0000000762000000, 0x0000000762000000, 0x0000000762800000|  0%| F|  |TAMS 0x0000000762000000, 0x0000000762000000| Untracked 
| 197|0x0000000762800000, 0x0000000762800000, 0x0000000763000000|  0%| F|  |TAMS 0x0000000762800000, 0x0000000762800000| Untracked 
| 198|0x0000000763000000, 0x0000000763000000, 0x0000000763800000|  0%| F|  |TAMS 0x0000000763000000, 0x0000000763000000| Untracked 
| 199|0x0000000763800000, 0x0000000763800000, 0x0000000764000000|  0%| F|  |TAMS 0x0000000763800000, 0x0000000763800000| Untracked 
| 200|0x0000000764000000, 0x0000000764000000, 0x0000000764800000|  0%| F|  |TAMS 0x0000000764000000, 0x0000000764000000| Untracked 
| 201|0x0000000764800000, 0x0000000764800000, 0x0000000765000000|  0%| F|  |TAMS 0x0000000764800000, 0x0000000764800000| Untracked 
| 202|0x0000000765000000, 0x0000000765000000, 0x0000000765800000|  0%| F|  |TAMS 0x0000000765000000, 0x0000000765000000| Untracked 
| 203|0x0000000765800000, 0x0000000765800000, 0x0000000766000000|  0%| F|  |TAMS 0x0000000765800000, 0x0000000765800000| Untracked 
| 204|0x0000000766000000, 0x0000000766000000, 0x0000000766800000|  0%| F|  |TAMS 0x0000000766000000, 0x0000000766000000| Untracked 
| 205|0x0000000766800000, 0x0000000766800000, 0x0000000767000000|  0%| F|  |TAMS 0x0000000766800000, 0x0000000766800000| Untracked 
| 206|0x0000000767000000, 0x0000000767000000, 0x0000000767800000|  0%| F|  |TAMS 0x0000000767000000, 0x0000000767000000| Untracked 
| 207|0x0000000767800000, 0x0000000767800000, 0x0000000768000000|  0%| F|  |TAMS 0x0000000767800000, 0x0000000767800000| Untracked 
| 208|0x0000000768000000, 0x0000000768000000, 0x0000000768800000|  0%| F|  |TAMS 0x0000000768000000, 0x0000000768000000| Untracked 
| 209|0x0000000768800000, 0x0000000768800000, 0x0000000769000000|  0%| F|  |TAMS 0x0000000768800000, 0x0000000768800000| Untracked 
| 210|0x0000000769000000, 0x0000000769000000, 0x0000000769800000|  0%| F|  |TAMS 0x0000000769000000, 0x0000000769000000| Untracked 
| 211|0x0000000769800000, 0x0000000769800000, 0x000000076a000000|  0%| F|  |TAMS 0x0000000769800000, 0x0000000769800000| Untracked 
| 212|0x000000076a000000, 0x000000076a000000, 0x000000076a800000|  0%| F|  |TAMS 0x000000076a000000, 0x000000076a000000| Untracked 
| 213|0x000000076a800000, 0x000000076a800000, 0x000000076b000000|  0%| F|  |TAMS 0x000000076a800000, 0x000000076a800000| Untracked 
| 214|0x000000076b000000, 0x000000076b000000, 0x000000076b800000|  0%| F|  |TAMS 0x000000076b000000, 0x000000076b000000| Untracked 
| 215|0x000000076b800000, 0x000000076b800000, 0x000000076c000000|  0%| F|  |TAMS 0x000000076b800000, 0x000000076b800000| Untracked 
| 216|0x000000076c000000, 0x000000076c000000, 0x000000076c800000|  0%| F|  |TAMS 0x000000076c000000, 0x000000076c000000| Untracked 
| 217|0x000000076c800000, 0x000000076c800000, 0x000000076d000000|  0%| F|  |TAMS 0x000000076c800000, 0x000000076c800000| Untracked 
| 218|0x000000076d000000, 0x000000076d000000, 0x000000076d800000|  0%| F|  |TAMS 0x000000076d000000, 0x000000076d000000| Untracked 
| 219|0x000000076d800000, 0x000000076d800000, 0x000000076e000000|  0%| F|  |TAMS 0x000000076d800000, 0x000000076d800000| Untracked 
| 220|0x000000076e000000, 0x000000076e000000, 0x000000076e800000|  0%| F|  |TAMS 0x000000076e000000, 0x000000076e000000| Untracked 
| 221|0x000000076e800000, 0x000000076e800000, 0x000000076f000000|  0%| F|  |TAMS 0x000000076e800000, 0x000000076e800000| Untracked 
| 222|0x000000076f000000, 0x000000076f000000, 0x000000076f800000|  0%| F|  |TAMS 0x000000076f000000, 0x000000076f000000| Untracked 
| 223|0x000000076f800000, 0x000000076f800000, 0x0000000770000000|  0%| F|  |TAMS 0x000000076f800000, 0x000000076f800000| Untracked 
| 224|0x0000000770000000, 0x0000000770000000, 0x0000000770800000|  0%| F|  |TAMS 0x0000000770000000, 0x0000000770000000| Untracked 
| 225|0x0000000770800000, 0x0000000770800000, 0x0000000771000000|  0%| F|  |TAMS 0x0000000770800000, 0x0000000770800000| Untracked 
| 226|0x0000000771000000, 0x0000000771000000, 0x0000000771800000|  0%| F|  |TAMS 0x0000000771000000, 0x0000000771000000| Untracked 
| 227|0x0000000771800000, 0x0000000771800000, 0x0000000772000000|  0%| F|  |TAMS 0x0000000771800000, 0x0000000771800000| Untracked 
| 228|0x0000000772000000, 0x0000000772000000, 0x0000000772800000|  0%| F|  |TAMS 0x0000000772000000, 0x0000000772000000| Untracked 
| 229|0x0000000772800000, 0x0000000772800000, 0x0000000773000000|  0%| F|  |TAMS 0x0000000772800000, 0x0000000772800000| Untracked 
| 230|0x0000000773000000, 0x0000000773000000, 0x0000000773800000|  0%| F|  |TAMS 0x0000000773000000, 0x0000000773000000| Untracked 
| 231|0x0000000773800000, 0x0000000773800000, 0x0000000774000000|  0%| F|  |TAMS 0x0000000773800000, 0x0000000773800000| Untracked 
| 232|0x0000000774000000, 0x0000000774000000, 0x0000000774800000|  0%| F|  |TAMS 0x0000000774000000, 0x0000000774000000| Untracked 
| 233|0x0000000774800000, 0x0000000774800000, 0x0000000775000000|  0%| F|  |TAMS 0x0000000774800000, 0x0000000774800000| Untracked 
| 234|0x0000000775000000, 0x0000000775000000, 0x0000000775800000|  0%| F|  |TAMS 0x0000000775000000, 0x0000000775000000| Untracked 
| 235|0x0000000775800000, 0x0000000775800000, 0x0000000776000000|  0%| F|  |TAMS 0x0000000775800000, 0x0000000775800000| Untracked 
| 236|0x0000000776000000, 0x0000000776000000, 0x0000000776800000|  0%| F|  |TAMS 0x0000000776000000, 0x0000000776000000| Untracked 
| 237|0x0000000776800000, 0x0000000776800000, 0x0000000777000000|  0%| F|  |TAMS 0x0000000776800000, 0x0000000776800000| Untracked 
| 238|0x0000000777000000, 0x0000000777000000, 0x0000000777800000|  0%| F|  |TAMS 0x0000000777000000, 0x0000000777000000| Untracked 
| 239|0x0000000777800000, 0x0000000777800000, 0x0000000778000000|  0%| F|  |TAMS 0x0000000777800000, 0x0000000777800000| Untracked 
| 240|0x0000000778000000, 0x0000000778000000, 0x0000000778800000|  0%| F|  |TAMS 0x0000000778000000, 0x0000000778000000| Untracked 
| 241|0x0000000778800000, 0x0000000778800000, 0x0000000779000000|  0%| F|  |TAMS 0x0000000778800000, 0x0000000778800000| Untracked 
| 242|0x0000000779000000, 0x0000000779000000, 0x0000000779800000|  0%| F|  |TAMS 0x0000000779000000, 0x0000000779000000| Untracked 
| 243|0x0000000779800000, 0x0000000779800000, 0x000000077a000000|  0%| F|  |TAMS 0x0000000779800000, 0x0000000779800000| Untracked 
| 244|0x000000077a000000, 0x000000077a000000, 0x000000077a800000|  0%| F|  |TAMS 0x000000077a000000, 0x000000077a000000| Untracked 
| 245|0x000000077a800000, 0x000000077a800000, 0x000000077b000000|  0%| F|  |TAMS 0x000000077a800000, 0x000000077a800000| Untracked 
| 246|0x000000077b000000, 0x000000077b000000, 0x000000077b800000|  0%| F|  |TAMS 0x000000077b000000, 0x000000077b000000| Untracked 
| 247|0x000000077b800000, 0x000000077b800000, 0x000000077c000000|  0%| F|  |TAMS 0x000000077b800000, 0x000000077b800000| Untracked 
| 248|0x000000077c000000, 0x000000077c000000, 0x000000077c800000|  0%| F|  |TAMS 0x000000077c000000, 0x000000077c000000| Untracked 
| 249|0x000000077c800000, 0x000000077c800000, 0x000000077d000000|  0%| F|  |TAMS 0x000000077c800000, 0x000000077c800000| Untracked 
| 250|0x000000077d000000, 0x000000077d000000, 0x000000077d800000|  0%| F|  |TAMS 0x000000077d000000, 0x000000077d000000| Untracked 
| 251|0x000000077d800000, 0x000000077d800000, 0x000000077e000000|  0%| F|  |TAMS 0x000000077d800000, 0x000000077d800000| Untracked 
| 252|0x000000077e000000, 0x000000077e000000, 0x000000077e800000|  0%| F|  |TAMS 0x000000077e000000, 0x000000077e000000| Untracked 
| 253|0x000000077e800000, 0x000000077e800000, 0x000000077f000000|  0%| F|  |TAMS 0x000000077e800000, 0x000000077e800000| Untracked 
| 254|0x000000077f000000, 0x000000077f000000, 0x000000077f800000|  0%| F|  |TAMS 0x000000077f000000, 0x000000077f000000| Untracked 
| 255|0x000000077f800000, 0x000000077f800000, 0x0000000780000000|  0%| F|  |TAMS 0x000000077f800000, 0x000000077f800000| Untracked 
| 256|0x0000000780000000, 0x0000000780000000, 0x0000000780800000|  0%| F|  |TAMS 0x0000000780000000, 0x0000000780000000| Untracked 
| 257|0x0000000780800000, 0x0000000780800000, 0x0000000781000000|  0%| F|  |TAMS 0x0000000780800000, 0x0000000780800000| Untracked 
| 258|0x0000000781000000, 0x0000000781000000, 0x0000000781800000|  0%| F|  |TAMS 0x0000000781000000, 0x0000000781000000| Untracked 
| 259|0x0000000781800000, 0x0000000781800000, 0x0000000782000000|  0%| F|  |TAMS 0x0000000781800000, 0x0000000781800000| Untracked 
| 260|0x0000000782000000, 0x0000000782000000, 0x0000000782800000|  0%| F|  |TAMS 0x0000000782000000, 0x0000000782000000| Untracked 
| 261|0x0000000782800000, 0x0000000782800000, 0x0000000783000000|  0%| F|  |TAMS 0x0000000782800000, 0x0000000782800000| Untracked 
| 262|0x0000000783000000, 0x0000000783000000, 0x0000000783800000|  0%| F|  |TAMS 0x0000000783000000, 0x0000000783000000| Untracked 
| 263|0x0000000783800000, 0x0000000783800000, 0x0000000784000000|  0%| F|  |TAMS 0x0000000783800000, 0x0000000783800000| Untracked 
| 264|0x0000000784000000, 0x0000000784000000, 0x0000000784800000|  0%| F|  |TAMS 0x0000000784000000, 0x0000000784000000| Untracked 
| 265|0x0000000784800000, 0x0000000784800000, 0x0000000785000000|  0%| F|  |TAMS 0x0000000784800000, 0x0000000784800000| Untracked 
| 266|0x0000000785000000, 0x0000000785000000, 0x0000000785800000|  0%| F|  |TAMS 0x0000000785000000, 0x0000000785000000| Untracked 
| 267|0x0000000785800000, 0x0000000785800000, 0x0000000786000000|  0%| F|  |TAMS 0x0000000785800000, 0x0000000785800000| Untracked 
| 268|0x0000000786000000, 0x0000000786000000, 0x0000000786800000|  0%| F|  |TAMS 0x0000000786000000, 0x0000000786000000| Untracked 
| 269|0x0000000786800000, 0x0000000786800000, 0x0000000787000000|  0%| F|  |TAMS 0x0000000786800000, 0x0000000786800000| Untracked 
| 270|0x0000000787000000, 0x0000000787000000, 0x0000000787800000|  0%| F|  |TAMS 0x0000000787000000, 0x0000000787000000| Untracked 
| 271|0x0000000787800000, 0x0000000787800000, 0x0000000788000000|  0%| F|  |TAMS 0x0000000787800000, 0x0000000787800000| Untracked 
| 272|0x0000000788000000, 0x0000000788000000, 0x0000000788800000|  0%| F|  |TAMS 0x0000000788000000, 0x0000000788000000| Untracked 
| 273|0x0000000788800000, 0x0000000788800000, 0x0000000789000000|  0%| F|  |TAMS 0x0000000788800000, 0x0000000788800000| Untracked 
| 274|0x0000000789000000, 0x0000000789000000, 0x0000000789800000|  0%| F|  |TAMS 0x0000000789000000, 0x0000000789000000| Untracked 
| 275|0x0000000789800000, 0x0000000789800000, 0x000000078a000000|  0%| F|  |TAMS 0x0000000789800000, 0x0000000789800000| Untracked 
| 276|0x000000078a000000, 0x000000078a000000, 0x000000078a800000|  0%| F|  |TAMS 0x000000078a000000, 0x000000078a000000| Untracked 
| 277|0x000000078a800000, 0x000000078a800000, 0x000000078b000000|  0%| F|  |TAMS 0x000000078a800000, 0x000000078a800000| Untracked 
| 278|0x000000078b000000, 0x000000078b000000, 0x000000078b800000|  0%| F|  |TAMS 0x000000078b000000, 0x000000078b000000| Untracked 
| 279|0x000000078b800000, 0x000000078b800000, 0x000000078c000000|  0%| F|  |TAMS 0x000000078b800000, 0x000000078b800000| Untracked 
| 280|0x000000078c000000, 0x000000078c000000, 0x000000078c800000|  0%| F|  |TAMS 0x000000078c000000, 0x000000078c000000| Untracked 
| 281|0x000000078c800000, 0x000000078c800000, 0x000000078d000000|  0%| F|  |TAMS 0x000000078c800000, 0x000000078c800000| Untracked 
| 282|0x000000078d000000, 0x000000078d000000, 0x000000078d800000|  0%| F|  |TAMS 0x000000078d000000, 0x000000078d000000| Untracked 
| 283|0x000000078d800000, 0x000000078d800000, 0x000000078e000000|  0%| F|  |TAMS 0x000000078d800000, 0x000000078d800000| Untracked 
| 284|0x000000078e000000, 0x000000078e000000, 0x000000078e800000|  0%| F|  |TAMS 0x000000078e000000, 0x000000078e000000| Untracked 
| 285|0x000000078e800000, 0x000000078e800000, 0x000000078f000000|  0%| F|  |TAMS 0x000000078e800000, 0x000000078e800000| Untracked 
| 286|0x000000078f000000, 0x000000078f000000, 0x000000078f800000|  0%| F|  |TAMS 0x000000078f000000, 0x000000078f000000| Untracked 
| 287|0x000000078f800000, 0x000000078f800000, 0x0000000790000000|  0%| F|  |TAMS 0x000000078f800000, 0x000000078f800000| Untracked 
| 288|0x0000000790000000, 0x0000000790000000, 0x0000000790800000|  0%| F|  |TAMS 0x0000000790000000, 0x0000000790000000| Untracked 
| 289|0x0000000790800000, 0x0000000790800000, 0x0000000791000000|  0%| F|  |TAMS 0x0000000790800000, 0x0000000790800000| Untracked 
| 290|0x0000000791000000, 0x0000000791000000, 0x0000000791800000|  0%| F|  |TAMS 0x0000000791000000, 0x0000000791000000| Untracked 
| 291|0x0000000791800000, 0x0000000791800000, 0x0000000792000000|  0%| F|  |TAMS 0x0000000791800000, 0x0000000791800000| Untracked 
| 292|0x0000000792000000, 0x0000000792000000, 0x0000000792800000|  0%| F|  |TAMS 0x0000000792000000, 0x0000000792000000| Untracked 
| 293|0x0000000792800000, 0x0000000792800000, 0x0000000793000000|  0%| F|  |TAMS 0x0000000792800000, 0x0000000792800000| Untracked 
| 294|0x0000000793000000, 0x0000000793000000, 0x0000000793800000|  0%| F|  |TAMS 0x0000000793000000, 0x0000000793000000| Untracked 
| 295|0x0000000793800000, 0x0000000793800000, 0x0000000794000000|  0%| F|  |TAMS 0x0000000793800000, 0x0000000793800000| Untracked 
| 296|0x0000000794000000, 0x0000000794000000, 0x0000000794800000|  0%| F|  |TAMS 0x0000000794000000, 0x0000000794000000| Untracked 
| 297|0x0000000794800000, 0x0000000794800000, 0x0000000795000000|  0%| F|  |TAMS 0x0000000794800000, 0x0000000794800000| Untracked 
| 298|0x0000000795000000, 0x0000000795000000, 0x0000000795800000|  0%| F|  |TAMS 0x0000000795000000, 0x0000000795000000| Untracked 
| 299|0x0000000795800000, 0x0000000795800000, 0x0000000796000000|  0%| F|  |TAMS 0x0000000795800000, 0x0000000795800000| Untracked 
| 300|0x0000000796000000, 0x0000000796000000, 0x0000000796800000|  0%| F|  |TAMS 0x0000000796000000, 0x0000000796000000| Untracked 
| 301|0x0000000796800000, 0x0000000796800000, 0x0000000797000000|  0%| F|  |TAMS 0x0000000796800000, 0x0000000796800000| Untracked 
| 302|0x0000000797000000, 0x0000000797000000, 0x0000000797800000|  0%| F|  |TAMS 0x0000000797000000, 0x0000000797000000| Untracked 
| 303|0x0000000797800000, 0x0000000797800000, 0x0000000798000000|  0%| F|  |TAMS 0x0000000797800000, 0x0000000797800000| Untracked 
| 304|0x0000000798000000, 0x0000000798000000, 0x0000000798800000|  0%| F|  |TAMS 0x0000000798000000, 0x0000000798000000| Untracked 
| 305|0x0000000798800000, 0x0000000798800000, 0x0000000799000000|  0%| F|  |TAMS 0x0000000798800000, 0x0000000798800000| Untracked 
| 306|0x0000000799000000, 0x0000000799000000, 0x0000000799800000|  0%| F|  |TAMS 0x0000000799000000, 0x0000000799000000| Untracked 
| 307|0x0000000799800000, 0x0000000799800000, 0x000000079a000000|  0%| F|  |TAMS 0x0000000799800000, 0x0000000799800000| Untracked 
| 308|0x000000079a000000, 0x000000079a000000, 0x000000079a800000|  0%| F|  |TAMS 0x000000079a000000, 0x000000079a000000| Untracked 
| 309|0x000000079a800000, 0x000000079a800000, 0x000000079b000000|  0%| F|  |TAMS 0x000000079a800000, 0x000000079a800000| Untracked 
| 310|0x000000079b000000, 0x000000079b000000, 0x000000079b800000|  0%| F|  |TAMS 0x000000079b000000, 0x000000079b000000| Untracked 
| 311|0x000000079b800000, 0x000000079b800000, 0x000000079c000000|  0%| F|  |TAMS 0x000000079b800000, 0x000000079b800000| Untracked 
| 312|0x000000079c000000, 0x000000079c000000, 0x000000079c800000|  0%| F|  |TAMS 0x000000079c000000, 0x000000079c000000| Untracked 
| 313|0x000000079c800000, 0x000000079c800000, 0x000000079d000000|  0%| F|  |TAMS 0x000000079c800000, 0x000000079c800000| Untracked 
| 314|0x000000079d000000, 0x000000079d000000, 0x000000079d800000|  0%| F|  |TAMS 0x000000079d000000, 0x000000079d000000| Untracked 
| 315|0x000000079d800000, 0x000000079d800000, 0x000000079e000000|  0%| F|  |TAMS 0x000000079d800000, 0x000000079d800000| Untracked 
| 316|0x000000079e000000, 0x000000079e000000, 0x000000079e800000|  0%| F|  |TAMS 0x000000079e000000, 0x000000079e000000| Untracked 
| 317|0x000000079e800000, 0x000000079e800000, 0x000000079f000000|  0%| F|  |TAMS 0x000000079e800000, 0x000000079e800000| Untracked 
| 318|0x000000079f000000, 0x000000079f000000, 0x000000079f800000|  0%| F|  |TAMS 0x000000079f000000, 0x000000079f000000| Untracked 
| 319|0x000000079f800000, 0x000000079f800000, 0x00000007a0000000|  0%| F|  |TAMS 0x000000079f800000, 0x000000079f800000| Untracked 
| 320|0x00000007a0000000, 0x00000007a0000000, 0x00000007a0800000|  0%| F|  |TAMS 0x00000007a0000000, 0x00000007a0000000| Untracked 
| 321|0x00000007a0800000, 0x00000007a0800000, 0x00000007a1000000|  0%| F|  |TAMS 0x00000007a0800000, 0x00000007a0800000| Untracked 
| 322|0x00000007a1000000, 0x00000007a1000000, 0x00000007a1800000|  0%| F|  |TAMS 0x00000007a1000000, 0x00000007a1000000| Untracked 
| 323|0x00000007a1800000, 0x00000007a1800000, 0x00000007a2000000|  0%| F|  |TAMS 0x00000007a1800000, 0x00000007a1800000| Untracked 
| 324|0x00000007a2000000, 0x00000007a2000000, 0x00000007a2800000|  0%| F|  |TAMS 0x00000007a2000000, 0x00000007a2000000| Untracked 
| 325|0x00000007a2800000, 0x00000007a2800000, 0x00000007a3000000|  0%| F|  |TAMS 0x00000007a2800000, 0x00000007a2800000| Untracked 
| 326|0x00000007a3000000, 0x00000007a3000000, 0x00000007a3800000|  0%| F|  |TAMS 0x00000007a3000000, 0x00000007a3000000| Untracked 
| 327|0x00000007a3800000, 0x00000007a3800000, 0x00000007a4000000|  0%| F|  |TAMS 0x00000007a3800000, 0x00000007a3800000| Untracked 
| 328|0x00000007a4000000, 0x00000007a4000000, 0x00000007a4800000|  0%| F|  |TAMS 0x00000007a4000000, 0x00000007a4000000| Untracked 
| 329|0x00000007a4800000, 0x00000007a4800000, 0x00000007a5000000|  0%| F|  |TAMS 0x00000007a4800000, 0x00000007a4800000| Untracked 
| 330|0x00000007a5000000, 0x00000007a5000000, 0x00000007a5800000|  0%| F|  |TAMS 0x00000007a5000000, 0x00000007a5000000| Untracked 
| 331|0x00000007a5800000, 0x00000007a5800000, 0x00000007a6000000|  0%| F|  |TAMS 0x00000007a5800000, 0x00000007a5800000| Untracked 
| 332|0x00000007a6000000, 0x00000007a6000000, 0x00000007a6800000|  0%| F|  |TAMS 0x00000007a6000000, 0x00000007a6000000| Untracked 
| 333|0x00000007a6800000, 0x00000007a6800000, 0x00000007a7000000|  0%| F|  |TAMS 0x00000007a6800000, 0x00000007a6800000| Untracked 
| 334|0x00000007a7000000, 0x00000007a7000000, 0x00000007a7800000|  0%| F|  |TAMS 0x00000007a7000000, 0x00000007a7000000| Untracked 
| 335|0x00000007a7800000, 0x00000007a7800000, 0x00000007a8000000|  0%| F|  |TAMS 0x00000007a7800000, 0x00000007a7800000| Untracked 
| 336|0x00000007a8000000, 0x00000007a8000000, 0x00000007a8800000|  0%| F|  |TAMS 0x00000007a8000000, 0x00000007a8000000| Untracked 
| 337|0x00000007a8800000, 0x00000007a8800000, 0x00000007a9000000|  0%| F|  |TAMS 0x00000007a8800000, 0x00000007a8800000| Untracked 
| 338|0x00000007a9000000, 0x00000007a9000000, 0x00000007a9800000|  0%| F|  |TAMS 0x00000007a9000000, 0x00000007a9000000| Untracked 
| 339|0x00000007a9800000, 0x00000007a9800000, 0x00000007aa000000|  0%| F|  |TAMS 0x00000007a9800000, 0x00000007a9800000| Untracked 
| 340|0x00000007aa000000, 0x00000007aa000000, 0x00000007aa800000|  0%| F|  |TAMS 0x00000007aa000000, 0x00000007aa000000| Untracked 
| 341|0x00000007aa800000, 0x00000007aa800000, 0x00000007ab000000|  0%| F|  |TAMS 0x00000007aa800000, 0x00000007aa800000| Untracked 
| 342|0x00000007ab000000, 0x00000007ab000000, 0x00000007ab800000|  0%| F|  |TAMS 0x00000007ab000000, 0x00000007ab000000| Untracked 
| 343|0x00000007ab800000, 0x00000007ab800000, 0x00000007ac000000|  0%| F|  |TAMS 0x00000007ab800000, 0x00000007ab800000| Untracked 
| 344|0x00000007ac000000, 0x00000007ac000000, 0x00000007ac800000|  0%| F|  |TAMS 0x00000007ac000000, 0x00000007ac000000| Untracked 
| 345|0x00000007ac800000, 0x00000007ac800000, 0x00000007ad000000|  0%| F|  |TAMS 0x00000007ac800000, 0x00000007ac800000| Untracked 
| 346|0x00000007ad000000, 0x00000007ad000000, 0x00000007ad800000|  0%| F|  |TAMS 0x00000007ad000000, 0x00000007ad000000| Untracked 
| 347|0x00000007ad800000, 0x00000007ad800000, 0x00000007ae000000|  0%| F|  |TAMS 0x00000007ad800000, 0x00000007ad800000| Untracked 
| 348|0x00000007ae000000, 0x00000007ae000000, 0x00000007ae800000|  0%| F|  |TAMS 0x00000007ae000000, 0x00000007ae000000| Untracked 
| 349|0x00000007ae800000, 0x00000007ae800000, 0x00000007af000000|  0%| F|  |TAMS 0x00000007ae800000, 0x00000007ae800000| Untracked 
| 350|0x00000007af000000, 0x00000007af000000, 0x00000007af800000|  0%| F|  |TAMS 0x00000007af000000, 0x00000007af000000| Untracked 
| 351|0x00000007af800000, 0x00000007af800000, 0x00000007b0000000|  0%| F|  |TAMS 0x00000007af800000, 0x00000007af800000| Untracked 
| 352|0x00000007b0000000, 0x00000007b0000000, 0x00000007b0800000|  0%| F|  |TAMS 0x00000007b0000000, 0x00000007b0000000| Untracked 
| 353|0x00000007b0800000, 0x00000007b0800000, 0x00000007b1000000|  0%| F|  |TAMS 0x00000007b0800000, 0x00000007b0800000| Untracked 
| 354|0x00000007b1000000, 0x00000007b1000000, 0x00000007b1800000|  0%| F|  |TAMS 0x00000007b1000000, 0x00000007b1000000| Untracked 
| 355|0x00000007b1800000, 0x00000007b1a4c408, 0x00000007b2000000| 28%| S|CS|TAMS 0x00000007b1800000, 0x00000007b1800000| Complete 
| 356|0x00000007b2000000, 0x00000007b2800000, 0x00000007b2800000|100%| S|CS|TAMS 0x00000007b2000000, 0x00000007b2000000| Complete 
| 357|0x00000007b2800000, 0x00000007b3000000, 0x00000007b3000000|100%| S|CS|TAMS 0x00000007b2800000, 0x00000007b2800000| Complete 
| 358|0x00000007b3000000, 0x00000007b3800000, 0x00000007b3800000|100%| S|CS|TAMS 0x00000007b3000000, 0x00000007b3000000| Complete 
| 359|0x00000007b3800000, 0x00000007b3800000, 0x00000007b4000000|  0%| F|  |TAMS 0x00000007b3800000, 0x00000007b3800000| Untracked 
| 360|0x00000007b4000000, 0x00000007b4000000, 0x00000007b4800000|  0%| F|  |TAMS 0x00000007b4000000, 0x00000007b4000000| Untracked 
| 361|0x00000007b4800000, 0x00000007b4800000, 0x00000007b5000000|  0%| F|  |TAMS 0x00000007b4800000, 0x00000007b4800000| Untracked 
| 362|0x00000007b5000000, 0x00000007b5000000, 0x00000007b5800000|  0%| F|  |TAMS 0x00000007b5000000, 0x00000007b5000000| Untracked 
| 363|0x00000007b5800000, 0x00000007b5800000, 0x00000007b6000000|  0%| F|  |TAMS 0x00000007b5800000, 0x00000007b5800000| Untracked 
| 364|0x00000007b6000000, 0x00000007b6000000, 0x00000007b6800000|  0%| F|  |TAMS 0x00000007b6000000, 0x00000007b6000000| Untracked 
| 365|0x00000007b6800000, 0x00000007b6800000, 0x00000007b7000000|  0%| F|  |TAMS 0x00000007b6800000, 0x00000007b6800000| Untracked 
| 366|0x00000007b7000000, 0x00000007b7000000, 0x00000007b7800000|  0%| F|  |TAMS 0x00000007b7000000, 0x00000007b7000000| Untracked 
| 367|0x00000007b7800000, 0x00000007b7800000, 0x00000007b8000000|  0%| F|  |TAMS 0x00000007b7800000, 0x00000007b7800000| Untracked 
| 368|0x00000007b8000000, 0x00000007b8000000, 0x00000007b8800000|  0%| F|  |TAMS 0x00000007b8000000, 0x00000007b8000000| Untracked 
| 369|0x00000007b8800000, 0x00000007b8800000, 0x00000007b9000000|  0%| F|  |TAMS 0x00000007b8800000, 0x00000007b8800000| Untracked 
| 370|0x00000007b9000000, 0x00000007b9000000, 0x00000007b9800000|  0%| F|  |TAMS 0x00000007b9000000, 0x00000007b9000000| Untracked 
| 371|0x00000007b9800000, 0x00000007b9800000, 0x00000007ba000000|  0%| F|  |TAMS 0x00000007b9800000, 0x00000007b9800000| Untracked 
| 372|0x00000007ba000000, 0x00000007ba000000, 0x00000007ba800000|  0%| F|  |TAMS 0x00000007ba000000, 0x00000007ba000000| Untracked 
| 373|0x00000007ba800000, 0x00000007ba800000, 0x00000007bb000000|  0%| F|  |TAMS 0x00000007ba800000, 0x00000007ba800000| Untracked 
| 374|0x00000007bb000000, 0x00000007bb000000, 0x00000007bb800000|  0%| F|  |TAMS 0x00000007bb000000, 0x00000007bb000000| Untracked 
| 375|0x00000007bb800000, 0x00000007bb800000, 0x00000007bc000000|  0%| F|  |TAMS 0x00000007bb800000, 0x00000007bb800000| Untracked 
| 376|0x00000007bc000000, 0x00000007bc000000, 0x00000007bc800000|  0%| F|  |TAMS 0x00000007bc000000, 0x00000007bc000000| Untracked 
| 377|0x00000007bc800000, 0x00000007bc800000, 0x00000007bd000000|  0%| F|  |TAMS 0x00000007bc800000, 0x00000007bc800000| Untracked 
| 378|0x00000007bd000000, 0x00000007bd000000, 0x00000007bd800000|  0%| F|  |TAMS 0x00000007bd000000, 0x00000007bd000000| Untracked 
| 379|0x00000007bd800000, 0x00000007bd800000, 0x00000007be000000|  0%| F|  |TAMS 0x00000007bd800000, 0x00000007bd800000| Untracked 
| 380|0x00000007be000000, 0x00000007be000000, 0x00000007be800000|  0%| F|  |TAMS 0x00000007be000000, 0x00000007be000000| Untracked 
| 381|0x00000007be800000, 0x00000007be800000, 0x00000007bf000000|  0%| F|  |TAMS 0x00000007be800000, 0x00000007be800000| Untracked 
| 382|0x00000007bf000000, 0x00000007bf000000, 0x00000007bf800000|  0%| F|  |TAMS 0x00000007bf000000, 0x00000007bf000000| Untracked 
| 383|0x00000007bf800000, 0x00000007bf800000, 0x00000007c0000000|  0%| F|  |TAMS 0x00000007bf800000, 0x00000007bf800000| Untracked 
| 384|0x00000007c0000000, 0x00000007c0000000, 0x00000007c0800000|  0%| F|  |TAMS 0x00000007c0000000, 0x00000007c0000000| Untracked 
| 385|0x00000007c0800000, 0x00000007c0800000, 0x00000007c1000000|  0%| F|  |TAMS 0x00000007c0800000, 0x00000007c0800000| Untracked 
| 386|0x00000007c1000000, 0x00000007c1000000, 0x00000007c1800000|  0%| F|  |TAMS 0x00000007c1000000, 0x00000007c1000000| Untracked 
| 387|0x00000007c1800000, 0x00000007c1800000, 0x00000007c2000000|  0%| F|  |TAMS 0x00000007c1800000, 0x00000007c1800000| Untracked 
| 388|0x00000007c2000000, 0x00000007c2000000, 0x00000007c2800000|  0%| F|  |TAMS 0x00000007c2000000, 0x00000007c2000000| Untracked 
| 389|0x00000007c2800000, 0x00000007c2800000, 0x00000007c3000000|  0%| F|  |TAMS 0x00000007c2800000, 0x00000007c2800000| Untracked 
| 390|0x00000007c3000000, 0x00000007c3000000, 0x00000007c3800000|  0%| F|  |TAMS 0x00000007c3000000, 0x00000007c3000000| Untracked 
| 391|0x00000007c3800000, 0x00000007c3800000, 0x00000007c4000000|  0%| F|  |TAMS 0x00000007c3800000, 0x00000007c3800000| Untracked 
| 392|0x00000007c4000000, 0x00000007c4000000, 0x00000007c4800000|  0%| F|  |TAMS 0x00000007c4000000, 0x00000007c4000000| Untracked 
| 393|0x00000007c4800000, 0x00000007c4800000, 0x00000007c5000000|  0%| F|  |TAMS 0x00000007c4800000, 0x00000007c4800000| Untracked 
| 394|0x00000007c5000000, 0x00000007c5000000, 0x00000007c5800000|  0%| F|  |TAMS 0x00000007c5000000, 0x00000007c5000000| Untracked 
| 395|0x00000007c5800000, 0x00000007c5800000, 0x00000007c6000000|  0%| F|  |TAMS 0x00000007c5800000, 0x00000007c5800000| Untracked 
| 396|0x00000007c6000000, 0x00000007c6000000, 0x00000007c6800000|  0%| F|  |TAMS 0x00000007c6000000, 0x00000007c6000000| Untracked 
| 397|0x00000007c6800000, 0x00000007c6800000, 0x00000007c7000000|  0%| F|  |TAMS 0x00000007c6800000, 0x00000007c6800000| Untracked 
| 398|0x00000007c7000000, 0x00000007c7000000, 0x00000007c7800000|  0%| F|  |TAMS 0x00000007c7000000, 0x00000007c7000000| Untracked 
| 399|0x00000007c7800000, 0x00000007c7800000, 0x00000007c8000000|  0%| F|  |TAMS 0x00000007c7800000, 0x00000007c7800000| Untracked 
| 400|0x00000007c8000000, 0x00000007c8000000, 0x00000007c8800000|  0%| F|  |TAMS 0x00000007c8000000, 0x00000007c8000000| Untracked 
| 401|0x00000007c8800000, 0x00000007c8800000, 0x00000007c9000000|  0%| F|  |TAMS 0x00000007c8800000, 0x00000007c8800000| Untracked 
| 402|0x00000007c9000000, 0x00000007c9000000, 0x00000007c9800000|  0%| F|  |TAMS 0x00000007c9000000, 0x00000007c9000000| Untracked 
| 403|0x00000007c9800000, 0x00000007c9800000, 0x00000007ca000000|  0%| F|  |TAMS 0x00000007c9800000, 0x00000007c9800000| Untracked 
| 404|0x00000007ca000000, 0x00000007ca000000, 0x00000007ca800000|  0%| F|  |TAMS 0x00000007ca000000, 0x00000007ca000000| Untracked 
| 405|0x00000007ca800000, 0x00000007ca800000, 0x00000007cb000000|  0%| F|  |TAMS 0x00000007ca800000, 0x00000007ca800000| Untracked 
| 406|0x00000007cb000000, 0x00000007cb000000, 0x00000007cb800000|  0%| F|  |TAMS 0x00000007cb000000, 0x00000007cb000000| Untracked 
| 407|0x00000007cb800000, 0x00000007cb800000, 0x00000007cc000000|  0%| F|  |TAMS 0x00000007cb800000, 0x00000007cb800000| Untracked 
| 408|0x00000007cc000000, 0x00000007cc000000, 0x00000007cc800000|  0%| F|  |TAMS 0x00000007cc000000, 0x00000007cc000000| Untracked 
| 409|0x00000007cc800000, 0x00000007cc800000, 0x00000007cd000000|  0%| F|  |TAMS 0x00000007cc800000, 0x00000007cc800000| Untracked 
| 410|0x00000007cd000000, 0x00000007cd000000, 0x00000007cd800000|  0%| F|  |TAMS 0x00000007cd000000, 0x00000007cd000000| Untracked 
| 411|0x00000007cd800000, 0x00000007cd800000, 0x00000007ce000000|  0%| F|  |TAMS 0x00000007cd800000, 0x00000007cd800000| Untracked 
| 412|0x00000007ce000000, 0x00000007ce000000, 0x00000007ce800000|  0%| F|  |TAMS 0x00000007ce000000, 0x00000007ce000000| Untracked 
| 413|0x00000007ce800000, 0x00000007ce800000, 0x00000007cf000000|  0%| F|  |TAMS 0x00000007ce800000, 0x00000007ce800000| Untracked 
| 414|0x00000007cf000000, 0x00000007cf000000, 0x00000007cf800000|  0%| F|  |TAMS 0x00000007cf000000, 0x00000007cf000000| Untracked 
| 415|0x00000007cf800000, 0x00000007cf800000, 0x00000007d0000000|  0%| F|  |TAMS 0x00000007cf800000, 0x00000007cf800000| Untracked 
| 416|0x00000007d0000000, 0x00000007d0000000, 0x00000007d0800000|  0%| F|  |TAMS 0x00000007d0000000, 0x00000007d0000000| Untracked 
| 417|0x00000007d0800000, 0x00000007d0800000, 0x00000007d1000000|  0%| F|  |TAMS 0x00000007d0800000, 0x00000007d0800000| Untracked 
| 418|0x00000007d1000000, 0x00000007d1000000, 0x00000007d1800000|  0%| F|  |TAMS 0x00000007d1000000, 0x00000007d1000000| Untracked 
| 419|0x00000007d1800000, 0x00000007d1800000, 0x00000007d2000000|  0%| F|  |TAMS 0x00000007d1800000, 0x00000007d1800000| Untracked 
| 420|0x00000007d2000000, 0x00000007d2000000, 0x00000007d2800000|  0%| F|  |TAMS 0x00000007d2000000, 0x00000007d2000000| Untracked 
| 421|0x00000007d2800000, 0x00000007d2800000, 0x00000007d3000000|  0%| F|  |TAMS 0x00000007d2800000, 0x00000007d2800000| Untracked 
| 422|0x00000007d3000000, 0x00000007d3000000, 0x00000007d3800000|  0%| F|  |TAMS 0x00000007d3000000, 0x00000007d3000000| Untracked 
| 423|0x00000007d3800000, 0x00000007d3800000, 0x00000007d4000000|  0%| F|  |TAMS 0x00000007d3800000, 0x00000007d3800000| Untracked 
| 424|0x00000007d4000000, 0x00000007d4000000, 0x00000007d4800000|  0%| F|  |TAMS 0x00000007d4000000, 0x00000007d4000000| Untracked 
| 425|0x00000007d4800000, 0x00000007d4800000, 0x00000007d5000000|  0%| F|  |TAMS 0x00000007d4800000, 0x00000007d4800000| Untracked 
| 426|0x00000007d5000000, 0x00000007d5000000, 0x00000007d5800000|  0%| F|  |TAMS 0x00000007d5000000, 0x00000007d5000000| Untracked 
| 427|0x00000007d5800000, 0x00000007d5800000, 0x00000007d6000000|  0%| F|  |TAMS 0x00000007d5800000, 0x00000007d5800000| Untracked 
| 428|0x00000007d6000000, 0x00000007d6000000, 0x00000007d6800000|  0%| F|  |TAMS 0x00000007d6000000, 0x00000007d6000000| Untracked 
| 429|0x00000007d6800000, 0x00000007d6800000, 0x00000007d7000000|  0%| F|  |TAMS 0x00000007d6800000, 0x00000007d6800000| Untracked 
| 430|0x00000007d7000000, 0x00000007d7000000, 0x00000007d7800000|  0%| F|  |TAMS 0x00000007d7000000, 0x00000007d7000000| Untracked 
| 431|0x00000007d7800000, 0x00000007d7800000, 0x00000007d8000000|  0%| F|  |TAMS 0x00000007d7800000, 0x00000007d7800000| Untracked 
| 432|0x00000007d8000000, 0x00000007d8000000, 0x00000007d8800000|  0%| F|  |TAMS 0x00000007d8000000, 0x00000007d8000000| Untracked 
| 433|0x00000007d8800000, 0x00000007d8800000, 0x00000007d9000000|  0%| F|  |TAMS 0x00000007d8800000, 0x00000007d8800000| Untracked 
| 434|0x00000007d9000000, 0x00000007d9000000, 0x00000007d9800000|  0%| F|  |TAMS 0x00000007d9000000, 0x00000007d9000000| Untracked 
| 435|0x00000007d9800000, 0x00000007d9800000, 0x00000007da000000|  0%| F|  |TAMS 0x00000007d9800000, 0x00000007d9800000| Untracked 
| 436|0x00000007da000000, 0x00000007da000000, 0x00000007da800000|  0%| F|  |TAMS 0x00000007da000000, 0x00000007da000000| Untracked 
| 437|0x00000007da800000, 0x00000007da800000, 0x00000007db000000|  0%| F|  |TAMS 0x00000007da800000, 0x00000007da800000| Untracked 
| 438|0x00000007db000000, 0x00000007db000000, 0x00000007db800000|  0%| F|  |TAMS 0x00000007db000000, 0x00000007db000000| Untracked 
| 439|0x00000007db800000, 0x00000007db800000, 0x00000007dc000000|  0%| F|  |TAMS 0x00000007db800000, 0x00000007db800000| Untracked 
| 440|0x00000007dc000000, 0x00000007dc000000, 0x00000007dc800000|  0%| F|  |TAMS 0x00000007dc000000, 0x00000007dc000000| Untracked 
| 441|0x00000007dc800000, 0x00000007dc800000, 0x00000007dd000000|  0%| F|  |TAMS 0x00000007dc800000, 0x00000007dc800000| Untracked 
| 442|0x00000007dd000000, 0x00000007dd000000, 0x00000007dd800000|  0%| F|  |TAMS 0x00000007dd000000, 0x00000007dd000000| Untracked 
| 443|0x00000007dd800000, 0x00000007dd800000, 0x00000007de000000|  0%| F|  |TAMS 0x00000007dd800000, 0x00000007dd800000| Untracked 
| 444|0x00000007de000000, 0x00000007de000000, 0x00000007de800000|  0%| F|  |TAMS 0x00000007de000000, 0x00000007de000000| Untracked 
| 445|0x00000007de800000, 0x00000007de800000, 0x00000007df000000|  0%| F|  |TAMS 0x00000007de800000, 0x00000007de800000| Untracked 
| 446|0x00000007df000000, 0x00000007df000000, 0x00000007df800000|  0%| F|  |TAMS 0x00000007df000000, 0x00000007df000000| Untracked 
| 447|0x00000007df800000, 0x00000007df800000, 0x00000007e0000000|  0%| F|  |TAMS 0x00000007df800000, 0x00000007df800000| Untracked 
| 448|0x00000007e0000000, 0x00000007e0000000, 0x00000007e0800000|  0%| F|  |TAMS 0x00000007e0000000, 0x00000007e0000000| Untracked 
| 449|0x00000007e0800000, 0x00000007e0800000, 0x00000007e1000000|  0%| F|  |TAMS 0x00000007e0800000, 0x00000007e0800000| Untracked 
| 450|0x00000007e1000000, 0x00000007e1000000, 0x00000007e1800000|  0%| F|  |TAMS 0x00000007e1000000, 0x00000007e1000000| Untracked 
| 451|0x00000007e1800000, 0x00000007e1800000, 0x00000007e2000000|  0%| F|  |TAMS 0x00000007e1800000, 0x00000007e1800000| Untracked 
| 452|0x00000007e2000000, 0x00000007e2000000, 0x00000007e2800000|  0%| F|  |TAMS 0x00000007e2000000, 0x00000007e2000000| Untracked 
| 453|0x00000007e2800000, 0x00000007e2800000, 0x00000007e3000000|  0%| F|  |TAMS 0x00000007e2800000, 0x00000007e2800000| Untracked 
| 454|0x00000007e3000000, 0x00000007e3000000, 0x00000007e3800000|  0%| F|  |TAMS 0x00000007e3000000, 0x00000007e3000000| Untracked 
| 455|0x00000007e3800000, 0x00000007e3800000, 0x00000007e4000000|  0%| F|  |TAMS 0x00000007e3800000, 0x00000007e3800000| Untracked 
| 456|0x00000007e4000000, 0x00000007e4000000, 0x00000007e4800000|  0%| F|  |TAMS 0x00000007e4000000, 0x00000007e4000000| Untracked 
| 457|0x00000007e4800000, 0x00000007e4800000, 0x00000007e5000000|  0%| F|  |TAMS 0x00000007e4800000, 0x00000007e4800000| Untracked 
| 458|0x00000007e5000000, 0x00000007e5000000, 0x00000007e5800000|  0%| F|  |TAMS 0x00000007e5000000, 0x00000007e5000000| Untracked 
| 459|0x00000007e5800000, 0x00000007e5800000, 0x00000007e6000000|  0%| F|  |TAMS 0x00000007e5800000, 0x00000007e5800000| Untracked 
| 460|0x00000007e6000000, 0x00000007e6000000, 0x00000007e6800000|  0%| F|  |TAMS 0x00000007e6000000, 0x00000007e6000000| Untracked 
| 461|0x00000007e6800000, 0x00000007e6800000, 0x00000007e7000000|  0%| F|  |TAMS 0x00000007e6800000, 0x00000007e6800000| Untracked 
| 462|0x00000007e7000000, 0x00000007e7000000, 0x00000007e7800000|  0%| F|  |TAMS 0x00000007e7000000, 0x00000007e7000000| Untracked 
| 463|0x00000007e7800000, 0x00000007e7800000, 0x00000007e8000000|  0%| F|  |TAMS 0x00000007e7800000, 0x00000007e7800000| Untracked 
| 464|0x00000007e8000000, 0x00000007e8000000, 0x00000007e8800000|  0%| F|  |TAMS 0x00000007e8000000, 0x00000007e8000000| Untracked 
| 465|0x00000007e8800000, 0x00000007e8800000, 0x00000007e9000000|  0%| F|  |TAMS 0x00000007e8800000, 0x00000007e8800000| Untracked 
| 466|0x00000007e9000000, 0x00000007e9000000, 0x00000007e9800000|  0%| F|  |TAMS 0x00000007e9000000, 0x00000007e9000000| Untracked 
| 467|0x00000007e9800000, 0x00000007e9800000, 0x00000007ea000000|  0%| F|  |TAMS 0x00000007e9800000, 0x00000007e9800000| Untracked 
| 468|0x00000007ea000000, 0x00000007ea000000, 0x00000007ea800000|  0%| F|  |TAMS 0x00000007ea000000, 0x00000007ea000000| Untracked 
| 469|0x00000007ea800000, 0x00000007ea800000, 0x00000007eb000000|  0%| F|  |TAMS 0x00000007ea800000, 0x00000007ea800000| Untracked 
| 470|0x00000007eb000000, 0x00000007eb000000, 0x00000007eb800000|  0%| F|  |TAMS 0x00000007eb000000, 0x00000007eb000000| Untracked 
| 471|0x00000007eb800000, 0x00000007ec000000, 0x00000007ec000000|100%| E|  |TAMS 0x00000007eb800000, 0x00000007eb800000| Complete 
| 472|0x00000007ec000000, 0x00000007ec800000, 0x00000007ec800000|100%| E|CS|TAMS 0x00000007ec000000, 0x00000007ec000000| Complete 
| 473|0x00000007ec800000, 0x00000007ed000000, 0x00000007ed000000|100%| E|CS|TAMS 0x00000007ec800000, 0x00000007ec800000| Complete 
| 474|0x00000007ed000000, 0x00000007ed800000, 0x00000007ed800000|100%| E|CS|TAMS 0x00000007ed000000, 0x00000007ed000000| Complete 
| 475|0x00000007ed800000, 0x00000007ee000000, 0x00000007ee000000|100%| E|CS|TAMS 0x00000007ed800000, 0x00000007ed800000| Complete 
| 476|0x00000007ee000000, 0x00000007ee800000, 0x00000007ee800000|100%| E|CS|TAMS 0x00000007ee000000, 0x00000007ee000000| Complete 
| 477|0x00000007ee800000, 0x00000007ef000000, 0x00000007ef000000|100%| E|CS|TAMS 0x00000007ee800000, 0x00000007ee800000| Complete 
| 478|0x00000007ef000000, 0x00000007ef800000, 0x00000007ef800000|100%| E|CS|TAMS 0x00000007ef000000, 0x00000007ef000000| Complete 
| 479|0x00000007ef800000, 0x00000007f0000000, 0x00000007f0000000|100%| E|CS|TAMS 0x00000007ef800000, 0x00000007ef800000| Complete 
| 480|0x00000007f0000000, 0x00000007f0800000, 0x00000007f0800000|100%| E|CS|TAMS 0x00000007f0000000, 0x00000007f0000000| Complete 
| 481|0x00000007f0800000, 0x00000007f1000000, 0x00000007f1000000|100%| E|CS|TAMS 0x00000007f0800000, 0x00000007f0800000| Complete 
| 482|0x00000007f1000000, 0x00000007f1800000, 0x00000007f1800000|100%| E|CS|TAMS 0x00000007f1000000, 0x00000007f1000000| Complete 
| 483|0x00000007f1800000, 0x00000007f2000000, 0x00000007f2000000|100%| E|CS|TAMS 0x00000007f1800000, 0x00000007f1800000| Complete 
| 484|0x00000007f2000000, 0x00000007f2800000, 0x00000007f2800000|100%| E|CS|TAMS 0x00000007f2000000, 0x00000007f2000000| Complete 
| 485|0x00000007f2800000, 0x00000007f3000000, 0x00000007f3000000|100%| E|CS|TAMS 0x00000007f2800000, 0x00000007f2800000| Complete 
| 486|0x00000007f3000000, 0x00000007f3800000, 0x00000007f3800000|100%| E|CS|TAMS 0x00000007f3000000, 0x00000007f3000000| Complete 
| 487|0x00000007f3800000, 0x00000007f4000000, 0x00000007f4000000|100%| E|CS|TAMS 0x00000007f3800000, 0x00000007f3800000| Complete 
| 488|0x00000007f4000000, 0x00000007f4800000, 0x00000007f4800000|100%| E|CS|TAMS 0x00000007f4000000, 0x00000007f4000000| Complete 
| 489|0x00000007f4800000, 0x00000007f5000000, 0x00000007f5000000|100%| E|CS|TAMS 0x00000007f4800000, 0x00000007f4800000| Complete 
| 490|0x00000007f5000000, 0x00000007f5800000, 0x00000007f5800000|100%| E|CS|TAMS 0x00000007f5000000, 0x00000007f5000000| Complete 
| 491|0x00000007f5800000, 0x00000007f6000000, 0x00000007f6000000|100%| E|CS|TAMS 0x00000007f5800000, 0x00000007f5800000| Complete 
| 492|0x00000007f6000000, 0x00000007f6800000, 0x00000007f6800000|100%| E|CS|TAMS 0x00000007f6000000, 0x00000007f6000000| Complete 
| 493|0x00000007f6800000, 0x00000007f7000000, 0x00000007f7000000|100%| E|CS|TAMS 0x00000007f6800000, 0x00000007f6800000| Complete 
| 494|0x00000007f7000000, 0x00000007f7800000, 0x00000007f7800000|100%| E|CS|TAMS 0x00000007f7000000, 0x00000007f7000000| Complete 
| 495|0x00000007f7800000, 0x00000007f8000000, 0x00000007f8000000|100%| E|CS|TAMS 0x00000007f7800000, 0x00000007f7800000| Complete 
| 496|0x00000007f8000000, 0x00000007f8800000, 0x00000007f8800000|100%| E|CS|TAMS 0x00000007f8000000, 0x00000007f8000000| Complete 
| 497|0x00000007f8800000, 0x00000007f9000000, 0x00000007f9000000|100%| E|CS|TAMS 0x00000007f8800000, 0x00000007f8800000| Complete 
| 498|0x00000007f9000000, 0x00000007f9800000, 0x00000007f9800000|100%| E|CS|TAMS 0x00000007f9000000, 0x00000007f9000000| Complete 
| 499|0x00000007f9800000, 0x00000007fa000000, 0x00000007fa000000|100%| E|CS|TAMS 0x00000007f9800000, 0x00000007f9800000| Complete 
| 500|0x00000007fa000000, 0x00000007fa800000, 0x00000007fa800000|100%| E|CS|TAMS 0x00000007fa000000, 0x00000007fa000000| Complete 
| 501|0x00000007fa800000, 0x00000007fb000000, 0x00000007fb000000|100%| E|CS|TAMS 0x00000007fa800000, 0x00000007fa800000| Complete 
| 502|0x00000007fb000000, 0x00000007fb800000, 0x00000007fb800000|100%| E|CS|TAMS 0x00000007fb000000, 0x00000007fb000000| Complete 
| 503|0x00000007fb800000, 0x00000007fc000000, 0x00000007fc000000|100%| E|CS|TAMS 0x00000007fb800000, 0x00000007fb800000| Complete 
| 504|0x00000007fc000000, 0x00000007fc800000, 0x00000007fc800000|100%| E|CS|TAMS 0x00000007fc000000, 0x00000007fc000000| Complete 
| 505|0x00000007fc800000, 0x00000007fd000000, 0x00000007fd000000|100%| E|CS|TAMS 0x00000007fc800000, 0x00000007fc800000| Complete 
| 506|0x00000007fd000000, 0x00000007fd800000, 0x00000007fd800000|100%| E|CS|TAMS 0x00000007fd000000, 0x00000007fd000000| Complete 
| 507|0x00000007fd800000, 0x00000007fe000000, 0x00000007fe000000|100%| E|CS|TAMS 0x00000007fd800000, 0x00000007fd800000| Complete 
| 508|0x00000007fe000000, 0x00000007fe800000, 0x00000007fe800000|100%| E|CS|TAMS 0x00000007fe000000, 0x00000007fe000000| Complete 
| 509|0x00000007fe800000, 0x00000007ff000000, 0x00000007ff000000|100%| E|CS|TAMS 0x00000007fe800000, 0x00000007fe800000| Complete 
| 510|0x00000007ff000000, 0x00000007ff800000, 0x00000007ff800000|100%| E|CS|TAMS 0x00000007ff000000, 0x00000007ff000000| Complete 
| 511|0x00000007ff800000, 0x0000000800000000, 0x0000000800000000|100%| E|CS|TAMS 0x00000007ff800000, 0x00000007ff800000| Complete 

Card table byte_map: [0x0000023a59820000,0x0000023a5a020000] _byte_map_base: 0x0000023a56020000

Marking Bits (Prev, Next): (CMBitMap*) 0x0000023a44b0f9f0, (CMBitMap*) 0x0000023a44b0f9b0
 Prev Bits: [0x0000023a5e820000, 0x0000023a62820000)
 Next Bits: [0x0000023a5a820000, 0x0000023a5e820000)

Polling page: 0x0000023a42940000

Metaspace:

Usage:
  Non-class:    241.80 MB used.
      Class:     40.28 MB used.
       Both:    282.08 MB used.

Virtual space:
  Non-class space:      256.00 MB reserved,     243.38 MB ( 95%) committed,  4 nodes.
      Class space:        1.00 GB reserved,      41.75 MB (  4%) committed,  1 nodes.
             Both:        1.25 GB reserved,     285.12 MB ( 22%) committed. 

Chunk freelists:
   Non-Class:  12.60 MB
       Class:  6.28 MB
        Both:  18.88 MB

MaxMetaspaceSize: unlimited
CompressedClassSpaceSize: 1.00 GB
Initial GC threshold: 21.00 MB
Current GC threshold: 474.94 MB
CDS: on
MetaspaceReclaimPolicy: balanced
 - commit_granule_bytes: 65536.
 - commit_granule_words: 8192.
 - virtual_space_node_default_size: 8388608.
 - enlarge_chunks_in_place: 1.
 - new_chunks_are_fully_committed: 0.
 - uncommit_free_chunks: 1.
 - use_allocation_guard: 0.
 - handle_deallocations: 1.


Internal statistics:

num_allocs_failed_limit: 43.
num_arena_births: 3686.
num_arena_deaths: 24.
num_vsnodes_births: 5.
num_vsnodes_deaths: 0.
num_space_committed: 4551.
num_space_uncommitted: 0.
num_chunks_returned_to_freelist: 79.
num_chunks_taken_from_freelist: 15997.
num_chunk_merges: 50.
num_chunk_splits: 10974.
num_chunks_enlarged: 7726.
num_inconsistent_stats: 0.

CodeHeap 'non-profiled nmethods': size=120000Kb used=27107Kb max_used=27382Kb free=92892Kb
 bounds [0x0000023a515a0000, 0x0000023a53060000, 0x0000023a58ad0000]
CodeHeap 'profiled nmethods': size=120000Kb used=59105Kb max_used=60165Kb free=60894Kb
 bounds [0x0000023a49ad0000, 0x0000023a4d5a0000, 0x0000023a51000000]
CodeHeap 'non-nmethods': size=5760Kb used=2289Kb max_used=2365Kb free=3470Kb
 bounds [0x0000023a51000000, 0x0000023a51270000, 0x0000023a515a0000]
 total_blobs=31585 nmethods=29708 adapters=1784
 compilation: enabled
              stopped_count=0, restarted_count=0
 full_count=0

Compilation events (20 events):
Event: 135.138 Thread 0x0000023a6a017ab0 41727       3       me.neznamy.tab.shared.util.cache.StringToComponentCache::tabToKyori (71 bytes)
Event: 135.138 Thread 0x0000023a6a017ab0 nmethod 41727 0x0000023a4b393010 code [0x0000023a4b3932e0, 0x0000023a4b393f18]
Event: 135.138 Thread 0x0000023a6a017ab0 41729       3       me.neznamy.tab.shared.TAB$$Lambda$12683/0x0000023a033a86d0::apply (14 bytes)
Event: 135.138 Thread 0x0000023a6a017ab0 nmethod 41729 0x0000023a4b8b4290 code [0x0000023a4b8b4440, 0x0000023a4b8b4708]
Event: 135.138 Thread 0x0000023a6a017ab0 41728   !   3       me.neznamy.tab.shared.hook.MiniMessageHook::parseText (103 bytes)
Event: 135.139 Thread 0x0000023a6a017ab0 nmethod 41728 0x0000023a4c655110 code [0x0000023a4c6554a0, 0x0000023a4c656578]
Event: 135.153 Thread 0x0000023a6a017ab0 41730       3       io.netty.channel.AbstractChannelHandlerContext$WriteTask::newInstance (23 bytes)
Event: 135.153 Thread 0x0000023a6a017ab0 nmethod 41730 0x0000023a49f07890 code [0x0000023a49f07a60, 0x0000023a49f07d58]
Event: 135.263 Thread 0x0000023a6a017ab0 41731       3       eu.decentsoftware.holograms.api.nms.NMS::getPlayerConnection (20 bytes)
Event: 135.264 Thread 0x0000023a6a017ab0 nmethod 41731 0x0000023a4b8d8910 code [0x0000023a4b8d8ae0, 0x0000023a4b8d8d38]
Event: 135.311 Thread 0x0000023a6a017ab0 41732       3       net.minecraft.world.entity.monster.piglin.PiglinAI$$Lambda$10604/0x0000023a02bf0b70::test (11 bytes)
Event: 135.311 Thread 0x0000023a6a017ab0 nmethod 41732 0x0000023a4bd08490 code [0x0000023a4bd08660, 0x0000023a4bd08aa8]
Event: 135.311 Thread 0x0000023a6a017ab0 41733       3       net.minecraft.world.entity.monster.piglin.PiglinAI::f (13 bytes)
Event: 135.312 Thread 0x0000023a6a017ab0 nmethod 41733 0x0000023a4b30d910 code [0x0000023a4b30dae0, 0x0000023a4b30ddf8]
Event: 135.341 Thread 0x0000023a6a017ab0 41734       3       me.neznamy.tab.shared.features.PlaceholderManagerImpl$$Lambda$12860/0x0000023a033e7cb0::<init> (10 bytes)
Event: 135.341 Thread 0x0000023a6a017ab0 nmethod 41734 0x0000023a4a61d390 code [0x0000023a4a61d540, 0x0000023a4a61d6f8]
Event: 135.341 Thread 0x0000023a6a017ab0 41736       3       me.neznamy.tab.shared.features.PlaceholderManagerImpl::lambda$refreshFeatures$2 (52 bytes)
Event: 135.341 Thread 0x0000023a6a017ab0 nmethod 41736 0x0000023a4bf4f290 code [0x0000023a4bf4f4c0, 0x0000023a4bf4fe18]
Event: 135.341 Thread 0x0000023a6a017ab0 41735       3       me.neznamy.tab.shared.features.PlaceholderManagerImpl$$Lambda$12860/0x0000023a033e7cb0::run (8 bytes)
Event: 135.341 Thread 0x0000023a6a017ab0 nmethod 41735 0x0000023a49e3ea10 code [0x0000023a49e3ebc0, 0x0000023a49e3ed08]

GC Heap History (20 events):
Event: 28.951 GC heap before
{Heap before GC invocations=10 (full 0):
 garbage-first heap   total 4194304K, used 1489157K [0x0000000700000000, 0x0000000800000000)
  region size 8192K, 153 young (1253376K), 2 survivors (16384K)
 Metaspace       used 129563K, committed 131072K, reserved 1179648K
  class space    used 20080K, committed 20736K, reserved 1048576K
}
Event: 29.022 GC heap after
{Heap after GC invocations=11 (full 0):
 garbage-first heap   total 4194304K, used 401183K [0x0000000700000000, 0x0000000800000000)
  region size 8192K, 5 young (40960K), 5 survivors (40960K)
 Metaspace       used 129563K, committed 131072K, reserved 1179648K
  class space    used 20080K, committed 20736K, reserved 1048576K
}
Event: 32.428 GC heap before
{Heap before GC invocations=11 (full 0):
 garbage-first heap   total 4194304K, used 1613599K [0x0000000700000000, 0x0000000800000000)
  region size 8192K, 153 young (1253376K), 5 survivors (40960K)
 Metaspace       used 159420K, committed 161088K, reserved 1245184K
  class space    used 24266K, committed 24960K, reserved 1048576K
}
Event: 32.464 GC heap after
{Heap after GC invocations=12 (full 0):
 garbage-first heap   total 4194304K, used 434606K [0x0000000700000000, 0x0000000800000000)
  region size 8192K, 4 young (32768K), 4 survivors (32768K)
 Metaspace       used 159420K, committed 161088K, reserved 1245184K
  class space    used 24266K, committed 24960K, reserved 1048576K
}
Event: 33.852 GC heap before
{Heap before GC invocations=12 (full 0):
 garbage-first heap   total 4194304K, used 688558K [0x0000000700000000, 0x0000000800000000)
  region size 8192K, 36 young (294912K), 4 survivors (32768K)
 Metaspace       used 168327K, committed 170048K, reserved 1245184K
  class space    used 25438K, committed 26176K, reserved 1048576K
}
Event: 33.871 GC heap after
{Heap after GC invocations=13 (full 0):
 garbage-first heap   total 4194304K, used 491364K [0x0000000700000000, 0x0000000800000000)
  region size 8192K, 5 young (40960K), 5 survivors (40960K)
 Metaspace       used 168327K, committed 170048K, reserved 1245184K
  class space    used 25438K, committed 26176K, reserved 1048576K
}
Event: 35.611 GC heap before
{Heap before GC invocations=14 (full 0):
 garbage-first heap   total 4194304K, used 1703780K [0x0000000700000000, 0x0000000800000000)
  region size 8192K, 153 young (1253376K), 5 survivors (40960K)
 Metaspace       used 178666K, committed 180544K, reserved 1245184K
  class space    used 26936K, committed 27776K, reserved 1048576K
}
Event: 35.693 GC heap after
{Heap after GC invocations=15 (full 0):
 garbage-first heap   total 4194304K, used 779089K [0x0000000700000000, 0x0000000800000000)
  region size 8192K, 5 young (40960K), 5 survivors (40960K)
 Metaspace       used 178666K, committed 180544K, reserved 1245184K
  class space    used 26936K, committed 27776K, reserved 1048576K
}
Event: 44.184 GC heap before
{Heap before GC invocations=15 (full 0):
 garbage-first heap   total 4194304K, used 1983313K [0x0000000700000000, 0x0000000800000000)
  region size 8192K, 153 young (1253376K), 5 survivors (40960K)
 Metaspace       used 216845K, committed 219136K, reserved 1245184K
  class space    used 32971K, committed 33984K, reserved 1048576K
}
Event: 44.222 GC heap after
{Heap after GC invocations=16 (full 0):
 garbage-first heap   total 4194304K, used 843776K [0x0000000700000000, 0x0000000800000000)
  region size 8192K, 5 young (40960K), 5 survivors (40960K)
 Metaspace       used 216845K, committed 219136K, reserved 1245184K
  class space    used 32971K, committed 33984K, reserved 1048576K
}
Event: 50.330 GC heap before
{Heap before GC invocations=16 (full 0):
 garbage-first heap   total 4194304K, used 2056192K [0x0000000700000000, 0x0000000800000000)
  region size 8192K, 153 young (1253376K), 5 survivors (40960K)
 Metaspace       used 254758K, committed 257472K, reserved 1310720K
  class space    used 37412K, committed 38656K, reserved 1048576K
}
Event: 50.365 GC heap after
{Heap after GC invocations=17 (full 0):
 garbage-first heap   total 4194304K, used 892219K [0x0000000700000000, 0x0000000800000000)
  region size 8192K, 5 young (40960K), 5 survivors (40960K)
 Metaspace       used 254758K, committed 257472K, reserved 1310720K
  class space    used 37412K, committed 38656K, reserved 1048576K
}
Event: 62.743 GC heap before
{Heap before GC invocations=17 (full 0):
 garbage-first heap   total 4194304K, used 2104635K [0x0000000700000000, 0x0000000800000000)
  region size 8192K, 153 young (1253376K), 5 survivors (40960K)
 Metaspace       used 270556K, committed 273472K, reserved 1310720K
  class space    used 39340K, committed 40704K, reserved 1048576K
}
Event: 62.786 GC heap after
{Heap after GC invocations=18 (full 0):
 garbage-first heap   total 4194304K, used 980812K [0x0000000700000000, 0x0000000800000000)
  region size 8192K, 5 young (40960K), 5 survivors (40960K)
 Metaspace       used 270556K, committed 273472K, reserved 1310720K
  class space    used 39340K, committed 40704K, reserved 1048576K
}
Event: 90.567 GC heap before
{Heap before GC invocations=19 (full 0):
 garbage-first heap   total 4194304K, used 2209612K [0x0000000700000000, 0x0000000800000000)
  region size 8192K, 153 young (1253376K), 5 survivors (40960K)
 Metaspace       used 273119K, committed 275968K, reserved 1310720K
  class space    used 39510K, committed 40832K, reserved 1048576K
}
Event: 90.616 GC heap after
{Heap after GC invocations=20 (full 0):
 garbage-first heap   total 4194304K, used 1080825K [0x0000000700000000, 0x0000000800000000)
  region size 8192K, 5 young (40960K), 5 survivors (40960K)
 Metaspace       used 273119K, committed 275968K, reserved 1310720K
  class space    used 39510K, committed 40832K, reserved 1048576K
}
Event: 110.028 GC heap before
{Heap before GC invocations=20 (full 0):
 garbage-first heap   total 4194304K, used 2317817K [0x0000000700000000, 0x0000000800000000)
  region size 8192K, 153 young (1253376K), 5 survivors (40960K)
 Metaspace       used 284851K, committed 287872K, reserved 1310720K
  class space    used 41018K, committed 42496K, reserved 1048576K
}
Event: 110.441 GC heap after
{Heap after GC invocations=21 (full 0):
 garbage-first heap   total 4194304K, used 1051630K [0x0000000700000000, 0x0000000800000000)
  region size 8192K, 5 young (40960K), 5 survivors (40960K)
 Metaspace       used 284851K, committed 287872K, reserved 1310720K
  class space    used 41018K, committed 42496K, reserved 1048576K
}
Event: 129.263 GC heap before
{Heap before GC invocations=21 (full 0):
 garbage-first heap   total 4194304K, used 2321390K [0x0000000700000000, 0x0000000800000000)
  region size 8192K, 153 young (1253376K), 5 survivors (40960K)
 Metaspace       used 288682K, committed 291776K, reserved 1310720K
  class space    used 41245K, committed 42752K, reserved 1048576K
}
Event: 129.281 GC heap after
{Heap after GC invocations=22 (full 0):
 garbage-first heap   total 4194304K, used 1108273K [0x0000000700000000, 0x0000000800000000)
  region size 8192K, 4 young (32768K), 4 survivors (32768K)
 Metaspace       used 288682K, committed 291776K, reserved 1310720K
  class space    used 41245K, committed 42752K, reserved 1048576K
}

Dll operation events (17 events):
Event: 0.025 Loaded shared library D:\server-minecraft\jre-17\bin\java.dll
Event: 1.054 Loaded shared library D:\server-minecraft\jre-17\bin\jsvml.dll
Event: 1.128 Loaded shared library D:\server-minecraft\jre-17\bin\net.dll
Event: 1.134 Loaded shared library D:\server-minecraft\jre-17\bin\nio.dll
Event: 1.142 Loaded shared library D:\server-minecraft\jre-17\bin\zip.dll
Event: 1.149 Loaded shared library D:\server-minecraft\jre-17\bin\jimage.dll
Event: 2.249 Loaded shared library D:\server-minecraft\jre-17\bin\management.dll
Event: 2.262 Loaded shared library D:\server-minecraft\jre-17\bin\management_ext.dll
Event: 3.923 Loaded shared library C:\Users\Admin\AppData\Local\Temp\jansi-2.4.0-c787bbd294e88adf-jansi.dll
Event: 4.120 Loaded shared library D:\server-minecraft\jre-17\bin\verify.dll
Event: 4.635 Loaded shared library C:\Users\Admin\AppData\Local\Temp\jna-63116079\jna14733010282255463297.dll
Event: 16.252 Loaded shared library D:\server-minecraft\jre-17\bin\jaas.dll
Event: 16.404 Loaded shared library D:\server-minecraft\jre-17\bin\awt.dll
Event: 19.078 Loaded shared library D:\server-minecraft\jre-17\bin\sunmscapi.dll
Event: 19.164 Loaded shared library D:\server-minecraft\jre-17\bin\extnet.dll
Event: 30.921 Loaded shared library C:\Users\Admin\AppData\Local\Temp\libzstd-jni15761350246631744415.dll
Event: 31.589 Loaded shared library D:\server-minecraft\plugins\RoseGarden\tmp\sqlite-3.41.2.2-195607d6-0ec0-4be9-8588-4bb71bae49e4-sqlitejdbc.dll

Deoptimization events (20 events):
Event: 132.862 Thread 0x0000023a6d8b7680 Uncommon trap: trap_request=0xffffffc6 fr.pc=0x0000023a53050f8c relative=0x00000000000002ec
Event: 132.862 Thread 0x0000023a6d8b7680 Uncommon trap: reason=bimorphic_or_optimized_type_check action=maybe_recompile pc=0x0000023a53050f8c method=net.minecraft.network.PacketDataSerializer.writeShort(I)Lio/netty/buffer/ByteBuf; @ 5 c2
Event: 132.862 Thread 0x0000023a6d8b7680 DEOPT PACKING pc=0x0000023a53050f8c sp=0x0000004003afe960
Event: 132.862 Thread 0x0000023a6d8b7680 DEOPT UNPACKING pc=0x0000023a510569a3 sp=0x0000004003afe908 mode 2
Event: 132.862 Thread 0x0000023a6d8b7680 Uncommon trap: trap_request=0xffffffc6 fr.pc=0x0000023a53050f8c relative=0x00000000000002ec
Event: 132.862 Thread 0x0000023a6d8b7680 Uncommon trap: reason=bimorphic_or_optimized_type_check action=maybe_recompile pc=0x0000023a53050f8c method=net.minecraft.network.PacketDataSerializer.writeShort(I)Lio/netty/buffer/ByteBuf; @ 5 c2
Event: 132.862 Thread 0x0000023a6d8b7680 DEOPT PACKING pc=0x0000023a53050f8c sp=0x0000004003afe960
Event: 132.862 Thread 0x0000023a6d8b7680 DEOPT UNPACKING pc=0x0000023a510569a3 sp=0x0000004003afe908 mode 2
Event: 132.906 Thread 0x0000023a6d8b2a90 Uncommon trap: trap_request=0xffffff45 fr.pc=0x0000023a52fff59c relative=0x000000000000113c
Event: 132.906 Thread 0x0000023a6d8b2a90 Uncommon trap: reason=unstable_if action=reinterpret pc=0x0000023a52fff59c method=it.unimi.dsi.fastutil.longs.Long2FloatLinkedOpenHashMap.fixPointers(II)V @ 100 c2
Event: 132.906 Thread 0x0000023a6d8b2a90 DEOPT PACKING pc=0x0000023a52fff59c sp=0x000000407acfedd0
Event: 132.906 Thread 0x0000023a6d8b2a90 DEOPT UNPACKING pc=0x0000023a510569a3 sp=0x000000407acfeb08 mode 2
Event: 132.907 Thread 0x0000023a7525aac0 Uncommon trap: trap_request=0xffffffc6 fr.pc=0x0000023a53050f8c relative=0x00000000000002ec
Event: 132.907 Thread 0x0000023a7525aac0 Uncommon trap: reason=bimorphic_or_optimized_type_check action=maybe_recompile pc=0x0000023a53050f8c method=net.minecraft.network.PacketDataSerializer.writeShort(I)Lio/netty/buffer/ByteBuf; @ 5 c2
Event: 132.907 Thread 0x0000023a7525aac0 DEOPT PACKING pc=0x0000023a53050f8c sp=0x00000040000fe810
Event: 132.907 Thread 0x0000023a7525aac0 DEOPT UNPACKING pc=0x0000023a510569a3 sp=0x00000040000fe7b8 mode 2
Event: 133.032 Thread 0x0000023a6d8b7680 Uncommon trap: trap_request=0xffffff45 fr.pc=0x0000023a53032784 relative=0x00000000000003e4
Event: 133.032 Thread 0x0000023a6d8b7680 Uncommon trap: reason=unstable_if action=reinterpret pc=0x0000023a53032784 method=me.frep.vulcan.spigot.Vulcan_s.Vulcan_Or([Ljava/lang/Object;)Z @ 48 c2
Event: 133.032 Thread 0x0000023a6d8b7680 DEOPT PACKING pc=0x0000023a53032784 sp=0x0000004003afdbb0
Event: 133.032 Thread 0x0000023a6d8b7680 DEOPT UNPACKING pc=0x0000023a510569a3 sp=0x0000004003afdb38 mode 2

Classes loaded (20 events):
Event: 103.506 Loading class sun/util/calendar/ImmutableGregorianDate
Event: 103.506 Loading class sun/util/calendar/ImmutableGregorianDate done
Event: 103.513 Loading class sun/util/calendar/JulianCalendar$Date
Event: 103.513 Loading class sun/util/calendar/JulianCalendar$Date done
Event: 103.654 Loading class java/util/stream/LongPipeline$4
Event: 103.655 Loading class java/util/stream/LongPipeline$4 done
Event: 103.655 Loading class java/util/stream/LongPipeline$4$1
Event: 103.655 Loading class java/util/stream/LongPipeline$4$1 done
Event: 104.703 Loading class java/lang/FdLibm$Cbrt
Event: 104.703 Loading class java/lang/FdLibm$Cbrt done
Event: 104.703 Loading class java/lang/FdLibm
Event: 104.703 Loading class java/lang/FdLibm done
Event: 104.705 Loading class java/util/stream/ReduceOps$15
Event: 104.705 Loading class java/util/stream/ReduceOps$15 done
Event: 104.705 Loading class java/util/stream/ReduceOps$12ReducingSink
Event: 104.705 Loading class java/util/stream/ReduceOps$12ReducingSink done
Event: 109.156 Loading class java/util/concurrent/atomic/Striped64$Cell
Event: 109.159 Loading class java/util/concurrent/atomic/Striped64$Cell done
Event: 122.003 Loading class java/lang/CharacterData01
Event: 122.006 Loading class java/lang/CharacterData01 done

Classes unloaded (13 events):
Event: 23.703 Thread 0x0000023a6588ad70 Unloading class 0x0000023a0132c800 'jdk/internal/reflect/GeneratedMethodAccessor3'
Event: 23.703 Thread 0x0000023a6588ad70 Unloading class 0x0000023a0132c400 'jdk/internal/reflect/GeneratedMethodAccessor2'
Event: 34.087 Thread 0x0000023a6588ad70 Unloading class 0x0000023a01f00c00 'com/comphenix/net/bytebuddy/mirror/AccessibleObject'
Event: 63.077 Thread 0x0000023a6588ad70 Unloading class 0x0000023a02ac4200 'me/libraryaddict/disguise/utilities/plugin/LibsDisgInfo'
Event: 63.077 Thread 0x0000023a6588ad70 Unloading class 0x0000023a02ac4000 'me/libraryaddict/disguise/utilities/LibsPremium'
Event: 63.077 Thread 0x0000023a6588ad70 Unloading class 0x0000023a02a4e000 'java/lang/invoke/LambdaForm$MH+0x0000023a02a4e000'
Event: 63.077 Thread 0x0000023a6588ad70 Unloading class 0x0000023a02a4dc00 'java/lang/invoke/LambdaForm$MH+0x0000023a02a4dc00'
Event: 63.077 Thread 0x0000023a6588ad70 Unloading class 0x0000023a02a4d400 'java/lang/invoke/LambdaForm$DMH+0x0000023a02a4d400'
Event: 63.077 Thread 0x0000023a6588ad70 Unloading class 0x0000023a02a4d000 'java/lang/invoke/LambdaForm$DMH+0x0000023a02a4d000'
Event: 63.077 Thread 0x0000023a6588ad70 Unloading class 0x0000023a02a4c800 'java/lang/invoke/LambdaForm$DMH+0x0000023a02a4c800'
Event: 63.077 Thread 0x0000023a6588ad70 Unloading class 0x0000023a02a4c400 'java/lang/invoke/LambdaForm$DMH+0x0000023a02a4c400'
Event: 63.077 Thread 0x0000023a6588ad70 Unloading class 0x0000023a02a40c00 'java/lang/invoke/LambdaForm$DMH+0x0000023a02a40c00'
Event: 63.077 Thread 0x0000023a6588ad70 Unloading class 0x0000023a02a40800 'java/lang/invoke/LambdaForm$DMH+0x0000023a02a40800'

Classes redefined (0 events):
No events

Internal exceptions (20 events):
Event: 105.574 Thread 0x0000023a7ccf7fd0 Exception <a 'java/lang/ClassCastException'{0x00000007cb1e72e8}> (0x00000007cb1e72e8) 
thrown [s\src\hotspot\share\runtime\sharedRuntime.cpp, line 631]
Event: 105.574 Thread 0x0000023a7ccf7fd0 Exception <a 'java/lang/ClassCastException'{0x00000007cb1e77a0}> (0x00000007cb1e77a0) 
thrown [s\src\hotspot\share\runtime\sharedRuntime.cpp, line 631]
Event: 105.574 Thread 0x0000023a7ccf7fd0 Exception <a 'java/lang/ClassCastException'{0x00000007cb1e8178}> (0x00000007cb1e8178) 
thrown [s\src\hotspot\share\runtime\sharedRuntime.cpp, line 631]
Event: 105.574 Thread 0x0000023a7ccf7fd0 Exception <a 'java/lang/ClassCastException'{0x00000007cb1e8880}> (0x00000007cb1e8880) 
thrown [s\src\hotspot\share\runtime\sharedRuntime.cpp, line 631]
Event: 112.254 Thread 0x0000023a6d8b2a90 Exception <a 'java/lang/NoClassDefFoundError'{0x00000007f7e6b150}: net/minecraft/server/v1_15_R1/EntityAIBodyControl> (0x00000007f7e6b150) 
thrown [s\src\hotspot\share\classfile\systemDictionary.cpp, line 245]
Event: 112.259 Thread 0x0000023a6d8b2a90 Exception <a 'java/lang/NoClassDefFoundError'{0x00000007f7f89c00}: net/minecraft/server/v1_16_R3/EntityAIBodyControl> (0x00000007f7f89c00) 
thrown [s\src\hotspot\share\classfile\systemDictionary.cpp, line 245]
Event: 112.265 Thread 0x0000023a6d8b2a90 Exception <a 'java/lang/NoClassDefFoundError'{0x00000007f735f758}: net/minecraft/server/v1_15_R1/ControllerLook> (0x00000007f735f758) 
thrown [s\src\hotspot\share\classfile\systemDictionary.cpp, line 245]
Event: 112.270 Thread 0x0000023a6d8b2a90 Exception <a 'java/lang/NoClassDefFoundError'{0x00000007f7484708}: net/minecraft/server/v1_16_R3/ControllerLook> (0x00000007f7484708) 
thrown [s\src\hotspot\share\classfile\systemDictionary.cpp, line 245]
Event: 121.769 Thread 0x0000023a6d8b2a90 Exception <a 'java/lang/NoSuchMethodError'{0x00000007d2276350}: 'void java.lang.invoke.DelegatingMethodHandle$Holder.reinvoke_L(java.lang.Object, java.lang.Object, long)'> (0x00000007d2276350) 
thrown [s\src\hotspot\share\interpreter\linkResolver.cpp, line 759]
Event: 121.928 Thread 0x0000023a6d8b2a90 Implicit null exception at 0x0000023a5168084c to 0x0000023a51680950
Event: 121.987 Thread 0x0000023a6d8b2a90 Exception <a 'java/lang/NoSuchMethodError'{0x00000007d031d658}: 'java.lang.Object java.lang.invoke.DirectMethodHandle$Holder.invokeSpecial(java.lang.Object, java.lang.Object, java.lang.Object, double)'> (0x00000007d031d658) 
thrown [s\src\hotspot\share\interpreter\linkResolver.cpp, line 759]
Event: 121.987 Thread 0x0000023a6d8b2a90 Exception <a 'java/lang/NoSuchMethodError'{0x00000007d0321380}: 'java.lang.Object java.lang.invoke.Invokers$Holder.linkToTargetMethod(java.lang.Object, double, java.lang.Object)'> (0x00000007d0321380) 
thrown [s\src\hotspot\share\interpreter\linkResolver.cpp, line 759]
Event: 122.024 Thread 0x0000023a6d8b7680 Implicit null exception at 0x0000023a529c2ad5 to 0x0000023a529c31ac
Event: 122.024 Thread 0x0000023a6d8b7680 Implicit null exception at 0x0000023a52c6a310 to 0x0000023a52c6a680
Event: 122.024 Thread 0x0000023a6d8b7680 Implicit null exception at 0x0000023a52a872d2 to 0x0000023a52a8842c
Event: 122.024 Thread 0x0000023a6d8b7680 Implicit null exception at 0x0000023a5282d9d4 to 0x0000023a5282ec50
Event: 122.030 Thread 0x0000023a6d8b2a90 Exception <a 'java/lang/NoSuchMethodError'{0x00000007cfb68088}: 'java.lang.Object java.lang.invoke.DirectMethodHandle$Holder.newInvokeSpecial(java.lang.Object, java.lang.Object, java.lang.Object, java.lang.Object, float, float, int)'> (0x00000007cfb68088) 
thrown [s\src\hotspot\share\interpreter\linkResolver.cpp, line 759]
Event: 122.395 Thread 0x0000023a7525aac0 Implicit null exception at 0x0000023a52f19c2f to 0x0000023a52f1b900
Event: 125.165 Thread 0x0000023a6d8b2a90 Implicit null exception at 0x0000023a520035cc to 0x0000023a52003658
Event: 128.465 Thread 0x0000023a6d8b2a90 Implicit null exception at 0x0000023a52b85818 to 0x0000023a52b85d78

VM Operations (20 events):
Event: 128.261 Executing VM operation: Cleanup
Event: 128.261 Executing VM operation: Cleanup done
Event: 129.263 Executing VM operation: G1CollectForAllocation
Event: 129.281 Executing VM operation: G1CollectForAllocation done
Event: 129.811 Executing VM operation: G1PauseRemark
Event: 129.825 Executing VM operation: G1PauseRemark done
Event: 129.976 Executing VM operation: G1PauseCleanup
Event: 129.976 Executing VM operation: G1PauseCleanup done
Event: 130.989 Executing VM operation: Cleanup
Event: 130.989 Executing VM operation: Cleanup done
Event: 131.992 Executing VM operation: Cleanup
Event: 131.992 Executing VM operation: Cleanup done
Event: 132.833 Executing VM operation: HandshakeAllThreads
Event: 132.833 Executing VM operation: HandshakeAllThreads done
Event: 133.719 Executing VM operation: HandshakeAllThreads
Event: 133.719 Executing VM operation: HandshakeAllThreads done
Event: 133.719 Executing VM operation: Cleanup
Event: 133.719 Executing VM operation: Cleanup done
Event: 134.730 Executing VM operation: Cleanup
Event: 134.730 Executing VM operation: Cleanup done

Memory protections (0 events):
No events

Nmethod flushes (20 events):
Event: 133.753 Thread 0x0000023a6a019fe0 flushing  nmethod 0x0000023a4cd18e10
Event: 133.753 Thread 0x0000023a6a019fe0 flushing  nmethod 0x0000023a4cd4ce90
Event: 133.753 Thread 0x0000023a6a019fe0 flushing  nmethod 0x0000023a4cd4d610
Event: 133.753 Thread 0x0000023a6a019fe0 flushing  nmethod 0x0000023a4cd4df10
Event: 133.753 Thread 0x0000023a6a019fe0 flushing  nmethod 0x0000023a4cd50310
Event: 133.753 Thread 0x0000023a6a019fe0 flushing  nmethod 0x0000023a4cd51790
Event: 133.753 Thread 0x0000023a6a019fe0 flushing  nmethod 0x0000023a4cd67890
Event: 133.753 Thread 0x0000023a6a019fe0 flushing  nmethod 0x0000023a4cd8c090
Event: 133.753 Thread 0x0000023a6a019fe0 flushing  nmethod 0x0000023a4cd9fa10
Event: 133.753 Thread 0x0000023a6a019fe0 flushing  nmethod 0x0000023a4cdac810
Event: 133.753 Thread 0x0000023a6a019fe0 flushing  nmethod 0x0000023a4ce66390
Event: 133.754 Thread 0x0000023a6a019fe0 flushing  nmethod 0x0000023a4ce74990
Event: 133.754 Thread 0x0000023a6a019fe0 flushing  nmethod 0x0000023a4cf81f90
Event: 133.754 Thread 0x0000023a6a019fe0 flushing  nmethod 0x0000023a4cfbad90
Event: 133.754 Thread 0x0000023a6a019fe0 flushing  nmethod 0x0000023a4cfc7590
Event: 133.754 Thread 0x0000023a6a019fe0 flushing  nmethod 0x0000023a4cfd8510
Event: 133.754 Thread 0x0000023a6a019fe0 flushing  nmethod 0x0000023a4cfdad90
Event: 133.754 Thread 0x0000023a6a019fe0 flushing  nmethod 0x0000023a4cfdd590
Event: 133.754 Thread 0x0000023a6a019fe0 flushing osr nmethod 0x0000023a4cfdf710
Event: 133.754 Thread 0x0000023a6a019fe0 flushing  nmethod 0x0000023a4d14ac90

Events (20 events):
Event: 118.959 Thread 0x0000023a6f0bc9a0 Thread added: 0x0000023a6fbca3d0
Event: 121.779 Thread 0x0000023a6a017ab0 Thread added: 0x0000023a7b466d20
Event: 122.007 Thread 0x0000023a7525e780 Thread exited: 0x0000023a7525e780
Event: 122.086 Thread 0x0000023a76de49b0 Thread exited: 0x0000023a76de49b0
Event: 122.302 Thread 0x0000023a75258240 Thread exited: 0x0000023a75258240
Event: 122.317 Thread 0x0000023a75258750 Thread exited: 0x0000023a75258750
Event: 122.662 Thread 0x0000023a7b466d20 Thread exited: 0x0000023a7b466d20
Event: 122.942 Thread 0x0000023a76de58e0 Thread exited: 0x0000023a76de58e0
Event: 122.958 Thread 0x0000023a6b5daeb0 Thread exited: 0x0000023a6b5daeb0
Event: 124.203 Thread 0x0000023a6b5d71f0 Thread added: 0x0000023a7ccfe510
Event: 127.306 Thread 0x0000023a6a017ab0 Thread added: 0x0000023a76f81ae0
Event: 128.136 Thread 0x0000023a76f81ae0 Thread exited: 0x0000023a76f81ae0
Event: 128.510 Thread 0x0000023a6a017ab0 Thread added: 0x0000023a76f82ad0
Event: 128.510 Thread 0x0000023a6a017ab0 Thread added: 0x0000023a76f7f5b0
Event: 128.705 Thread 0x0000023a76f7f5b0 Thread exited: 0x0000023a76f7f5b0
Event: 128.904 Thread 0x0000023a76f82ad0 Thread exited: 0x0000023a76f82ad0
Event: 130.475 Thread 0x0000023a6a017ab0 Thread added: 0x0000023a76f81590
Event: 130.732 Thread 0x0000023a76f81590 Thread exited: 0x0000023a76f81590
Event: 131.168 Thread 0x0000023a658be690 Thread added: 0x0000023a76f805a0
Event: 131.504 Thread 0x0000023a76f805a0 Thread exited: 0x0000023a76f805a0


Dynamic libraries:
0x00007ff720cb0000 - 0x00007ff720cbe000 	D:\server-minecraft\jre-17\bin\java.exe
0x00007fff392c0000 - 0x00007fff39526000 	C:\WINDOWS\SYSTEM32\ntdll.dll
0x00007fff37500000 - 0x00007fff375c9000 	C:\WINDOWS\System32\KERNEL32.DLL
0x00007fff36950000 - 0x00007fff36d4a000 	C:\WINDOWS\System32\KERNELBASE.dll
0x00007fff36e30000 - 0x00007fff36f7c000 	C:\WINDOWS\System32\ucrtbase.dll
0x00007fff335c0000 - 0x00007fff335d8000 	D:\server-minecraft\jre-17\bin\jli.dll
0x00007fff1b660000 - 0x00007fff1b67e000 	D:\server-minecraft\jre-17\bin\VCRUNTIME140.dll
0x00007fff376b0000 - 0x00007fff37877000 	C:\WINDOWS\System32\USER32.dll
0x00007fff36d50000 - 0x00007fff36d77000 	C:\WINDOWS\System32\win32u.dll
0x00007fff38720000 - 0x00007fff3874b000 	C:\WINDOWS\System32\GDI32.dll
0x00007fff366d0000 - 0x00007fff367fb000 	C:\WINDOWS\System32\gdi32full.dll
0x00007fff19930000 - 0x00007fff19bc2000 	C:\WINDOWS\WinSxS\amd64_microsoft.windows.common-controls_6595b64144ccf1df_6.0.26100.8521_none_3e08b75ce33403b3\COMCTL32.dll
0x00007fff36d80000 - 0x00007fff36e23000 	C:\WINDOWS\System32\msvcp_win.dll
0x00007fff37030000 - 0x00007fff370d9000 	C:\WINDOWS\System32\msvcrt.dll
0x00007fff38750000 - 0x00007fff38782000 	C:\WINDOWS\System32\IMM32.DLL
0x00007fff33590000 - 0x00007fff3359c000 	D:\server-minecraft\jre-17\bin\vcruntime140_1.dll
0x00007fff074a0000 - 0x00007fff0752d000 	D:\server-minecraft\jre-17\bin\msvcp140.dll
0x00007ffe62440000 - 0x00007ffe630ac000 	D:\server-minecraft\jre-17\bin\server\jvm.dll
0x00007fff375e0000 - 0x00007fff37696000 	C:\WINDOWS\System32\ADVAPI32.dll
0x00007fff372a0000 - 0x00007fff3734a000 	C:\WINDOWS\System32\sechost.dll
0x00007fff390e0000 - 0x00007fff391f8000 	C:\WINDOWS\System32\RPCRT4.dll
0x00007fff37880000 - 0x00007fff37900000 	C:\WINDOWS\System32\WS2_32.dll
0x00007fff36200000 - 0x00007fff3625e000 	C:\WINDOWS\SYSTEM32\POWRPROF.dll
0x00007fff29fa0000 - 0x00007fff29fd6000 	C:\WINDOWS\SYSTEM32\WINMM.dll
0x00007fff30e50000 - 0x00007fff30e5b000 	C:\WINDOWS\SYSTEM32\VERSION.dll
0x00007fff361e0000 - 0x00007fff361f4000 	C:\WINDOWS\SYSTEM32\UMPDC.dll
0x00007fff352a0000 - 0x00007fff352bb000 	C:\WINDOWS\SYSTEM32\kernel.appcore.dll
0x00007fff313d0000 - 0x00007fff313da000 	D:\server-minecraft\jre-17\bin\jimage.dll
0x00007fff21ac0000 - 0x00007fff21d02000 	C:\WINDOWS\SYSTEM32\DBGHELP.DLL
0x00007fff37d60000 - 0x00007fff380e3000 	C:\WINDOWS\System32\combase.dll
0x00007fff381b0000 - 0x00007fff38289000 	C:\WINDOWS\System32\OLEAUT32.dll
0x00007fff0e340000 - 0x00007fff0e37b000 	C:\WINDOWS\SYSTEM32\dbgcore.DLL
0x00007fff36f80000 - 0x00007fff37028000 	C:\WINDOWS\System32\bcryptPrimitives.dll
0x00007fff1a3f0000 - 0x00007fff1a415000 	D:\server-minecraft\jre-17\bin\java.dll
0x00007ffefcdc0000 - 0x00007ffefce97000 	D:\server-minecraft\jre-17\bin\jsvml.dll
0x00007fff387f0000 - 0x00007fff38f74000 	C:\WINDOWS\System32\SHELL32.dll
0x00007fff340f0000 - 0x00007fff34970000 	C:\WINDOWS\SYSTEM32\windows.storage.dll
0x00007fff371a0000 - 0x00007fff37296000 	C:\WINDOWS\System32\SHCORE.dll
0x00007fff370e0000 - 0x00007fff37147000 	C:\WINDOWS\System32\shlwapi.dll
0x00007fff36470000 - 0x00007fff36499000 	C:\WINDOWS\SYSTEM32\profapi.dll
0x00007fff1a6e0000 - 0x00007fff1a6fa000 	D:\server-minecraft\jre-17\bin\net.dll
0x00007fff2fec0000 - 0x00007fff2ffe9000 	C:\WINDOWS\SYSTEM32\WINHTTP.dll
0x00007fff357f0000 - 0x00007fff3585c000 	C:\WINDOWS\system32\mswsock.dll
0x00007fff16640000 - 0x00007fff16656000 	D:\server-minecraft\jre-17\bin\nio.dll
0x00007fff15b80000 - 0x00007fff15b98000 	D:\server-minecraft\jre-17\bin\zip.dll
0x00007fff1ef60000 - 0x00007fff1ef6a000 	D:\server-minecraft\jre-17\bin\management.dll
0x00007fff1b650000 - 0x00007fff1b65c000 	D:\server-minecraft\jre-17\bin\management_ext.dll
0x00007fff37350000 - 0x00007fff37358000 	C:\WINDOWS\System32\PSAPI.DLL
0x00007ffecfb80000 - 0x00007ffecfb98000 	C:\WINDOWS\system32\napinsp.dll
0x00007fff34cc0000 - 0x00007fff34e0a000 	C:\WINDOWS\SYSTEM32\DNSAPI.dll
0x00007fff35630000 - 0x00007fff3563d000 	C:\WINDOWS\SYSTEM32\DSPARSE.dll
0x00007fff34c80000 - 0x00007fff34cb3000 	C:\WINDOWS\SYSTEM32\IPHLPAPI.DLL
0x00007fff376a0000 - 0x00007fff376aa000 	C:\WINDOWS\System32\NSI.dll
0x00007ffecfb60000 - 0x00007ffecfb73000 	C:\WINDOWS\System32\winrnr.dll
0x00007ffecfb30000 - 0x00007ffecfb52000 	C:\WINDOWS\system32\nlansp_c.dll
0x00007fff069e0000 - 0x00007fff069f6000 	C:\WINDOWS\system32\wshbth.dll
0x00007fff30010000 - 0x00007fff3001b000 	C:\Windows\System32\rasadhlp.dll
0x00007fff2f3d0000 - 0x00007fff2f456000 	C:\WINDOWS\System32\fwpuclnt.dll
0x0000000069ac0000 - 0x0000000069ae4000 	C:\Users\Admin\AppData\Local\Temp\jansi-2.4.0-c787bbd294e88adf-jansi.dll
0x00007fff1a4b0000 - 0x00007fff1a4c0000 	D:\server-minecraft\jre-17\bin\verify.dll
0x00007fff35bf0000 - 0x00007fff35c0b000 	C:\WINDOWS\SYSTEM32\CRYPTSP.dll
0x00007fff35200000 - 0x00007fff35239000 	C:\WINDOWS\system32\rsaenh.dll
0x00007fff358a0000 - 0x00007fff358d3000 	C:\WINDOWS\SYSTEM32\USERENV.dll
0x00007fff36440000 - 0x00007fff3646a000 	C:\WINDOWS\SYSTEM32\bcrypt.dll
0x00007fff35a50000 - 0x00007fff35a5c000 	C:\WINDOWS\SYSTEM32\CRYPTBASE.dll
0x00007fff2fb70000 - 0x00007fff2fb8d000 	C:\WINDOWS\SYSTEM32\dhcpcsvc6.DLL
0x00007fff2fb40000 - 0x00007fff2fb65000 	C:\WINDOWS\SYSTEM32\dhcpcsvc.DLL
0x00007fff11580000 - 0x00007fff115c0000 	C:\Users\Admin\AppData\Local\Temp\jna-63116079\jna14733010282255463297.dll
0x00007fff37360000 - 0x00007fff374f8000 	C:\WINDOWS\System32\Ole32.dll
0x00007fff380f0000 - 0x00007fff3819e000 	C:\WINDOWS\System32\clbcatq.dll
0x00007fff135a0000 - 0x00007fff135bd000 	C:\WINDOWS\SYSTEM32\amsi.dll
0x00007ffed0b70000 - 0x00007ffed0c13000 	C:\ProgramData\Microsoft\Windows Defender\Platform\4.18.26060.3008-0\MpOav.dll
0x00007fff1a8b0000 - 0x00007fff1a908000 	C:\WINDOWS\SYSTEM32\Pdh.dll
0x00007fff13b50000 - 0x00007fff13b61000 	C:\WINDOWS\System32\perfos.dll
0x00007fff32e30000 - 0x00007fff32e42000 	C:\WINDOWS\SYSTEM32\pfclient.dll
0x00007fff1a470000 - 0x00007fff1a479000 	D:\server-minecraft\jre-17\bin\jaas.dll
0x00007ffec6060000 - 0x00007ffec61f1000 	D:\server-minecraft\jre-17\bin\awt.dll
0x00007fff336d0000 - 0x00007fff33770000 	C:\WINDOWS\SYSTEM32\apphelp.dll
0x00007fff159c0000 - 0x00007fff159ce000 	D:\server-minecraft\jre-17\bin\sunmscapi.dll
0x00007fff36550000 - 0x00007fff366c8000 	C:\WINDOWS\System32\CRYPT32.dll
0x00007fff35d50000 - 0x00007fff35d80000 	C:\WINDOWS\SYSTEM32\ncrypt.dll
0x00007fff35d00000 - 0x00007fff35d3f000 	C:\WINDOWS\SYSTEM32\NTASN1.dll
0x00007fff19760000 - 0x00007fff19768000 	C:\WINDOWS\system32\wshunix.dll
0x00007fff15320000 - 0x00007fff15329000 	D:\server-minecraft\jre-17\bin\extnet.dll
0x000000006eec0000 - 0x000000006efdc000 	C:\Users\Admin\AppData\Local\Temp\libzstd-jni15761350246631744415.dll
0x00007ffecb040000 - 0x00007ffecb129000 	D:\server-minecraft\plugins\RoseGarden\tmp\sqlite-3.41.2.2-195607d6-0ec0-4be9-8588-4bb71bae49e4-sqlitejdbc.dll

dbghelp: loaded successfully - version: 4.0.5 - missing functions: none
symbol engine: initialized successfully - sym options: 0x614 - pdb path: .;D:\server-minecraft\jre-17\bin;C:\WINDOWS\SYSTEM32;C:\WINDOWS\WinSxS\amd64_microsoft.windows.common-controls_6595b64144ccf1df_6.0.26100.8521_none_3e08b75ce33403b3;D:\server-minecraft\jre-17\bin\server;C:\Users\Admin\AppData\Local\Temp;C:\Users\Admin\AppData\Local\Temp\jna-63116079;C:\ProgramData\Microsoft\Windows Defender\Platform\4.18.26060.3008-0;D:\server-minecraft\plugins\RoseGarden\tmp

VM Arguments:
jvm_args: -Xmx4G -Xms4G -XX:+UseG1GC -XX:+ParallelRefProcEnabled -XX:MaxGCPauseMillis=200 -XX:+UnlockExperimentalVMOptions -XX:+DisableExplicitGC -XX:+AlwaysPreTouch -XX:G1NewSizePercent=30 -XX:G1MaxNewSizePercent=40 -XX:G1HeapRegionSize=8m -XX:G1ReservePercent=20 -XX:G1HeapWastePercent=5 -XX:G1MixedGCCountTarget=4 -XX:InitiatingHeapOccupancyPercent=15 -XX:G1MixedGCLiveThresholdPercent=90 -XX:G1RSetUpdatingPauseTimePercent=5 -XX:SurvivorRatio=32 -XX:+PerfDisableSharedMem -XX:MaxTenuringThreshold=1 -Dusing.aikars.flags=https://mcflags.emc.gs -Daikars.new.flags=true 
java_command: paper-1.19.4-550.jar nogui
java_class_path (initial): paper-1.19.4-550.jar
Launcher Type: SUN_STANDARD

[Global flags]
     bool AlwaysPreTouch                           = true                                      {product} {command line}
     bool AlwaysTenure                             = false                                     {product} {command line}
     intx CICompilerCount                          = 4                                         {product} {ergonomic}
     uint ConcGCThreads                            = 3                                         {product} {ergonomic}
     bool DisableExplicitGC                        = true                                      {product} {command line}
     uint G1ConcRefinementThreads                  = 10                                        {product} {ergonomic}
     uint G1EagerReclaimRemSetThreshold            = 64                                   {experimental} {ergonomic}
   size_t G1HeapRegionSize                         = 8388608                                   {product} {command line}
    uintx G1HeapWastePercent                       = 5                                         {product} {command line}
    uintx G1MaxNewSizePercent                      = 40                                   {experimental} {command line}
    uintx G1MixedGCCountTarget                     = 4                                         {product} {command line}
    uintx G1MixedGCLiveThresholdPercent            = 90                                   {experimental} {command line}
    uintx G1NewSizePercent                         = 30                                   {experimental} {command line}
     intx G1RSetUpdatingPauseTimePercent           = 5                                         {product} {command line}
    uintx G1ReservePercent                         = 20                                        {product} {command line}
    uintx GCDrainStackTargetSize                   = 64                                        {product} {ergonomic}
   size_t InitialHeapSize                          = 4294967296                                {product} {command line}
    uintx InitialTenuringThreshold                 = 1                                         {product} {ergonomic}
    uintx InitiatingHeapOccupancyPercent           = 15                                        {product} {command line}
   size_t MarkStackSize                            = 4194304                                   {product} {ergonomic}
    uintx MaxGCPauseMillis                         = 200                                       {product} {command line}
   size_t MaxHeapSize                              = 4294967296                                {product} {command line}
   size_t MaxNewSize                               = 1711276032                                {product} {ergonomic}
    uintx MaxTenuringThreshold                     = 1                                         {product} {command line}
   size_t MinHeapDeltaBytes                        = 8388608                                   {product} {ergonomic}
   size_t MinHeapSize                              = 4294967296                                {product} {command line}
     bool NeverTenure                              = false                                     {product} {command line}
    uintx NonNMethodCodeHeapSize                   = 5839372                                {pd product} {ergonomic}
    uintx NonProfiledCodeHeapSize                  = 122909434                              {pd product} {ergonomic}
     bool ParallelRefProcEnabled                   = true                                      {product} {command line}
     bool PerfDisableSharedMem                     = true                                      {product} {command line}
    uintx ProfiledCodeHeapSize                     = 122909434                              {pd product} {ergonomic}
    uintx ReservedCodeCacheSize                    = 251658240                              {pd product} {ergonomic}
     bool SegmentedCodeCache                       = true                                      {product} {ergonomic}
   size_t SoftMaxHeapSize                          = 4294967296                             {manageable} {ergonomic}
    uintx SurvivorRatio                            = 32                                        {product} {command line}
     bool UnlockExperimentalVMOptions              = true                                 {experimental} {command line}
     bool UseCompressedClassPointers               = true                           {product lp64_product} {ergonomic}
     bool UseCompressedOops                        = true                           {product lp64_product} {ergonomic}
     bool UseG1GC                                  = true                                      {product} {command line}
     bool UseLargePagesIndividualAllocation        = false                                  {pd product} {ergonomic}

Logging:
Log output configuration:
 #0: stdout all=warning uptime,level,tags
 #1: stderr all=off uptime,level,tags

Environment Variables:
PATH=C:\Program Files\Eclipse Adoptium\jdk-21.0.9.10-hotspot\bin;C:\Program Files\Eclipse Adoptium\jdk-17.0.17.10-hotspot\bin;C:\Program Files (x86)\Common Files\Oracle\Java\java8path;C:\Program Files (x86)\Common Files\Oracle\Java\javapath;C:\Windows\system32;C:\Windows;C:\Windows\System32\Wbem;C:\Windows\System32\WindowsPowerShell\v1.0\;C:\Windows\System32\OpenSSH\;C:\ProgramData\chocolatey\bin;C:\Program Files\Git\cmd;C:\ProgramData\nvm;C:\nvm4w\nodejs;C:\Program Files\PostgreSQL\18\bin;C:\WINDOWS\system32;C:\WINDOWS;C:\WINDOWS\System32\Wbem;C:\WINDOWS\System32\WindowsPowerShell\v1.0\;C:\WINDOWS\System32\OpenSSH\;C:\Program Files\Cloudflare\Cloudflare WARP\;C:\Program Files\Eclipse Adoptium\jdk-17.0.17.10-hotspot\bin;C:\Program Files (x86)\Common Files\Oracle\Java\java8path;C:\Program Files (x86)\Common Files\Oracle\Java\javapath;C:\Windows\system32;C:\Windows;C:\Windows\System32\Wbem;C:\Windows\System32\WindowsPowerShell\v1.0\;C:\Windows\System32\OpenSSH\;C:\ProgramData\chocolatey\bin;C:\Program Files\Git\cmd;C:\ProgramData\nvm;C:\nvm4w\nodejs;C:\Program Files\PostgreSQL\18\bin;C:\WINDOWS\system32;C:\WINDOWS;C:\WINDOWS\System32\Wbem;C:\WINDOWS\System32\WindowsPowerShell\v1.0\;C:\WINDOWS\System32\OpenSSH\;C:\Program Files\Cloudflare\Cloudflare WARP\;C:\Program Files\Eclipse Adoptium\jdk-17.0.17.10-hotspot\bin;C:\Program Files (x86)\Common Files\Oracle\Java\java8path;C:\Program Files (x86)\Common Files\Oracle\Java\javapath;C:\Windows\system32;C:\Windows;C:\Windows\System32\Wbem;C:\Windows\System32\WindowsPowerShell\v1.0\;C:\Windows\System32\OpenSSH\;C:\ProgramData\chocolatey\bin;C:\Program Files\Git\cmd;C:\ProgramData\nvm;C:\nvm4w\nodejs;C:\Program Files\PostgreSQL\18\bin;C:\WINDOWS\system32;C:\WINDOWS;C:\WINDOWS\System32\Wbem;C:\WINDOWS\System32\WindowsPowerShell\v1.0\;C:\WINDOWS\System32\OpenSSH\;C:\Program Files\Cloudflare\Cloudflare WARP\;C:\Users\Admin\AppData\Local\Microsoft\WindowsApps;C:\Users\Admin\AppData\Local\Programs\cursor\resources\app\bin;C:\ProgramData\nvm;C:\nvm4w\nodejs;C:\Users\Admin\AppData\Local\Programs\Kiro\bin;C:\Users\Admin\AppData\Local\Programs\Antigravity IDE\bin;C:\Users\Admin\.local\bin;C:\Users\Admin\.local\bin
USERNAME=Admin
LANG=en_US.UTF-8
OS=Windows_NT
PROCESSOR_IDENTIFIER=AMD64 Family 25 Model 33 Stepping 2, AuthenticAMD
TMP=C:\Users\Admin\AppData\Local\Temp
TEMP=C:\Users\Admin\AppData\Local\Temp



Periodic native trim disabled


---------------  S Y S T E M  ---------------

OS:
 Windows 11 , 64 bit Build 26100 (10.0.26100.8521)
OS uptime: 39 days 8:15 hours
Hyper-V role detected

CPU: total 12 (initial active 12) (12 cores per cpu, 2 threads per core) family 25 model 33 stepping 2 microcode 0xa20120a, cx8, cmov, fxsr, ht, mmx, 3dnowpref, sse, sse2, sse3, ssse3, sse4a, sse4.1, sse4.2, popcnt, lzcnt, tsc, tscinvbit, avx, avx2, aes, erms, clmul, bmi1, bmi2, adx, sha, fma, vzeroupper, clflush, clflushopt, hv
Processor Information for all 12 processors :
  Max Mhz: 3701, Current Mhz: 3701, Mhz Limit: 3701

Memory: 4k page, system-wide physical 16267M (2344M free)
TotalPageFile size 46663M (AvailPageFile size 3M)
current process WorkingSet (physical memory assigned to process): 2515M, peak: 4177M
current process commit charge ("private bytes"): 4991M, peak: 5006M

vm_info: OpenJDK 64-Bit Server VM (17.0.19+10) for windows-amd64 JRE (17.0.19+10), built on Apr 25 2026 08:04:44 by "admin" with MS VC++ 17.12 (VS2022)

END.
