#
# There is insufficient memory for the Java Runtime Environment to continue.
# Native memory allocation (malloc) failed to allocate 975136 bytes. Error detail: Chunk::new
# Possible reasons:
#   The system is out of physical RAM or swap space
#   This process is running with CompressedOops enabled, and the Java Heap may be blocking the growth of the native heap
# Possible solutions:
#   Reduce memory load on the system
#   Increase physical memory or swap space
#   Check if swap backing store is full
#   Decrease Java heap size (-Xmx/-Xms)
#   Decrease number of Java threads
#   Decrease Java thread stack sizes (-Xss)
#   Set larger code cache with -XX:ReservedCodeCacheSize=
#   JVM is running with Zero Based Compressed Oops mode in which the Java heap is
#     placed in the first 32GB address space. The Java Heap base address is the
#     maximum limit for the native heap growth. Please use -XX:HeapBaseMinAddress
#     to set the Java Heap base and to place the Java Heap above 32GB virtual address.
# This output file may be truncated or incomplete.
#
#  Out of Memory Error (arena.cpp:191), pid=20620, tid=42300
#
# JRE version: OpenJDK Runtime Environment Temurin-17.0.19+10 (17.0.19+10) (build 17.0.19+10)
# Java VM: OpenJDK 64-Bit Server VM Temurin-17.0.19+10 (17.0.19+10, mixed mode, sharing, tiered, compressed oops, compressed class ptrs, g1 gc, windows-amd64)
# No core dump will be written. Minidumps are not enabled by default on client versions of Windows
#

---------------  S U M M A R Y ------------

Command Line: -Xmx4G -Xms4G -XX:+UseG1GC -XX:+ParallelRefProcEnabled -XX:MaxGCPauseMillis=200 -XX:+UnlockExperimentalVMOptions -XX:+DisableExplicitGC -XX:+AlwaysPreTouch -XX:G1NewSizePercent=30 -XX:G1MaxNewSizePercent=40 -XX:G1HeapRegionSize=8m -XX:G1ReservePercent=20 -XX:G1HeapWastePercent=5 -XX:G1MixedGCCountTarget=4 -XX:InitiatingHeapOccupancyPercent=15 -XX:G1MixedGCLiveThresholdPercent=90 -XX:G1RSetUpdatingPauseTimePercent=5 -XX:SurvivorRatio=32 -XX:+PerfDisableSharedMem -XX:MaxTenuringThreshold=1 -Dusing.aikars.flags=https://mcflags.emc.gs -Daikars.new.flags=true paper-1.19.4-550.jar nogui

Host: AMD Ryzen 5 5600X 6-Core Processor             , 12 cores, 15G,  Windows 11 , 64 bit Build 26100 (10.0.26100.8521)
Time: Thu Jul 23 11:17:59 2026 SE Asia Standard Time elapsed time: 59.435636 seconds (0d 0h 0m 59s)

---------------  T H R E A D  ---------------

Current thread (0x0000029a3727c9a0):  JavaThread "C2 CompilerThread0" daemon [_thread_in_native, id=42300, stack(0x000000d713300000,0x000000d713400000)]


Current CompileTask:
C2:59435 38883   !   4       net.minecraft.server.level.ChunkProviderServer::t (1437 bytes)

Stack: [0x000000d713300000,0x000000d713400000]
Native frames: (J=compiled Java code, j=interpreted, Vv=VM code, C=native code)
V  [jvm.dll+0x684b29]
V  [jvm.dll+0x83a2d5]
V  [jvm.dll+0x83bd4e]
V  [jvm.dll+0x83c3d3]
V  [jvm.dll+0x24905f]
V  [jvm.dll+0xad536]
V  [jvm.dll+0xadbdc]
V  [jvm.dll+0x2b073f]
V  [jvm.dll+0x58aea5]
V  [jvm.dll+0x222fe4]
V  [jvm.dll+0x2233dd]
V  [jvm.dll+0x21c08b]
V  [jvm.dll+0x2191a2]
V  [jvm.dll+0x1a49f0]
V  [jvm.dll+0x2299fa]
V  [jvm.dll+0x227bab]
V  [jvm.dll+0x7f0a88]
V  [jvm.dll+0x7eaf1c]
V  [jvm.dll+0x6839f7]
C  [ucrtbase.dll+0x2cd30]
C  [KERNEL32.DLL+0x2e957]
C  [ntdll.dll+0x87c1c]


---------------  P R O C E S S  ---------------

Threads class SMR info:
_java_thread_list=0x0000029a08acd670, length=166, elements={
0x0000029a37126210, 0x0000029a37133a90, 0x0000029a37267b30, 0x0000029a37267110,
0x0000029a372652b0, 0x0000029a37268040, 0x0000029a3727c9a0, 0x0000029a3727a390,
0x0000029a372657c0, 0x0000029a37267620, 0x0000029a37265cd0, 0x0000029a372666f0,
0x0000029a37266c00, 0x0000029a37268550, 0x0000029a7dfa3df0, 0x0000029a7dfa38e0,
0x0000029a7dfa4d20, 0x0000029a7dfa1570, 0x0000029a7dfa5740, 0x0000029a7dfa1f90,
0x0000029a7dfa7fc0, 0x0000029a372661e0, 0x0000029a7dbefec0, 0x0000029a7dbf0df0,
0x0000029a7dbf2740, 0x0000029a7dbef4a0, 0x0000029a7dbf1d20, 0x0000029a7dbf2c50,
0x0000029a7dbf2230, 0x0000029a7dfa6b80, 0x0000029a7dfa6160, 0x0000029a7dfa7090,
0x0000029a7dfa7ab0, 0x0000029a7dfa84d0, 0x0000029a7dbf6910, 0x0000029a01d88b40,
0x0000029a01d871f0, 0x0000029a01d87700, 0x0000029a01d89a70, 0x0000029a01d88120,
0x0000029a01d8aeb0, 0x0000029a0b646570, 0x0000029a0b644710, 0x0000029a0b645130,
0x0000029a0b644c20, 0x0000029a0b645640, 0x0000029a0b646f90, 0x0000029a0b643cf0,
0x0000029a0b6474a0, 0x0000029a0b649810, 0x0000029a0b649d20, 0x0000029a0b64a230,
0x0000029a0b6479b0, 0x0000029a0b6483d0, 0x0000029a0b6488e0, 0x0000029a01d8d730,
0x0000029a01d8dc40, 0x0000029a01d8b8d0, 0x0000029a01d8a490, 0x0000029a01d8b3c0,
0x0000029a0b6432d0, 0x0000029a0b64ac50, 0x0000029a01d8c800, 0x0000029a7dbf08e0,
0x0000029a01d8c2f0, 0x0000029a0b6437e0, 0x0000029a0932bfb0, 0x0000029a0932d3f0,
0x0000029a0932b080, 0x0000029a09331fe0, 0x0000029a01d8cd10, 0x0000029a01d8d220,
0x0000029a01d89f80, 0x0000029a08e79a10, 0x0000029a08e78ae0, 0x0000029a08e7b870,
0x0000029a08e79500, 0x0000029a08e78ff0, 0x0000029a08e7c290, 0x0000029a08e7c7a0,
0x0000029a08e79f20, 0x0000029a08e7e0f0, 0x0000029a08e7e600, 0x0000029a08e7f020,
0x0000029a08e7eb10, 0x0000029a08e7fa40, 0x0000029a0932c4c0, 0x0000029a0932c9d0,
0x0000029a0932f760, 0x0000029a0932fc70, 0x0000029a09330690, 0x0000029a08e7a940,
0x0000029a08e7bd80, 0x0000029a0932cee0, 0x0000029a0932e320, 0x0000029a0932d900,
0x0000029a093324f0, 0x0000029a7dfa5230, 0x0000029a7dfa5c50, 0x0000029a7dfa4300,
0x0000029a7dfa89e0, 0x0000029a7dfa6670, 0x0000029a01d86ce0, 0x0000029a01d88630,
0x0000029a08e7ccb0, 0x0000029a08e7dbe0, 0x0000029a0b649300, 0x0000029a0b647ec0,
0x0000029a7dbf3b80, 0x0000029a7f7ccb80, 0x0000029a7f7cd5a0, 0x0000029a7f7cdab0,
0x0000029a7f7cf910, 0x0000029a7f7ce9e0, 0x0000029a7f7ceef0, 0x0000029a7f7cfe20,
0x0000029a7f7cdfc0, 0x0000029a7f7d0330, 0x0000029a7f7cf400, 0x0000029a7f7ce4d0,
0x0000029a7f7cd090, 0x0000029a7dbf3160, 0x0000029a7dbef9b0, 0x0000029a7dbf4090,
0x0000029a7dbf45a0, 0x0000029a7dbf4ab0, 0x0000029a7dbf1300, 0x0000029a7dbf59e0,
0x0000029a7dbf54d0, 0x0000029a7dbf4fc0, 0x0000029a7dbf5ef0, 0x0000029a7dbf6400,
0x0000029a7dbf6e20, 0x0000029a01b485a0, 0x0000029a01b4a910, 0x0000029a01b4b330,
0x0000029a01b4ae20, 0x0000029a01b49ef0, 0x0000029a01b48ab0, 0x0000029a01b48fc0,
0x0000029a01b4c260, 0x0000029a01b4dbb0, 0x0000029a01b4e0c0, 0x0000029a01b4eae0,
0x0000029a01b4cc80, 0x0000029a01b4f500, 0x0000029a01b4a400, 0x0000029a01b4fa10,
0x0000029a01b4eff0, 0x0000029a01b4c770, 0x0000029a0932f250, 0x0000029a08762320,
0x0000029a0875f080, 0x0000029a08762d40, 0x0000029a08765fe0, 0x0000029a08763c70,
0x0000029a08764690, 0x0000029a08764ba0, 0x0000029a0ad22080, 0x0000029a00e08f80,
0x0000029a0ad22aa0, 0x0000029a0ad239d0, 0x0000029a0ad243f0, 0x0000029a0ad26c70,
0x0000029a0ad27690, 0x0000029a0ad280b0
}

Java Threads: ( => current thread )
  0x0000029a37126210 JavaThread "Reference Handler" daemon [_thread_blocked, id=51396, stack(0x000000d712d00000,0x000000d712e00000)]
  0x0000029a37133a90 JavaThread "Finalizer" daemon [_thread_blocked, id=14928, stack(0x000000d712e00000,0x000000d712f00000)]
  0x0000029a37267b30 JavaThread "Signal Dispatcher" daemon [_thread_blocked, id=17304, stack(0x000000d712f00000,0x000000d713000000)]
  0x0000029a37267110 JavaThread "Attach Listener" daemon [_thread_blocked, id=53100, stack(0x000000d713000000,0x000000d713100000)]
  0x0000029a372652b0 JavaThread "Service Thread" daemon [_thread_blocked, id=55516, stack(0x000000d713100000,0x000000d713200000)]
  0x0000029a37268040 JavaThread "Monitor Deflation Thread" daemon [_thread_blocked, id=16432, stack(0x000000d713200000,0x000000d713300000)]
=>0x0000029a3727c9a0 JavaThread "C2 CompilerThread0" daemon [_thread_in_native, id=42300, stack(0x000000d713300000,0x000000d713400000)]
  0x0000029a3727a390 JavaThread "C1 CompilerThread0" daemon [_thread_in_native, id=61304, stack(0x000000d713400000,0x000000d713500000)]
  0x0000029a372657c0 JavaThread "Sweeper thread" daemon [_thread_blocked, id=14516, stack(0x000000d713500000,0x000000d713600000)]
  0x0000029a37267620 JavaThread "Notification Thread" daemon [_thread_blocked, id=28844, stack(0x000000d713600000,0x000000d713700000)]
  0x0000029a37265cd0 JavaThread "Common-Cleaner" daemon [_thread_blocked, id=14208, stack(0x000000d713800000,0x000000d713900000)]
  0x0000029a372666f0 JavaThread "DestroyJavaVM" [_thread_blocked, id=29156, stack(0x000000d712300000,0x000000d712400000)]
  0x0000029a37266c00 JavaThread "WindowsStreamPump" daemon [_thread_in_native, id=66624, stack(0x000000d713b00000,0x000000d713c00000)]
  0x0000029a37268550 JavaThread "Log4j2-AsyncAppenderEventDispatcher-1-Async" daemon [_thread_blocked, id=64500, stack(0x000000d713c00000,0x000000d713d00000)]
  0x0000029a7dfa3df0 JavaThread "JNA Cleaner" daemon [_thread_blocked, id=8236, stack(0x000000d713d00000,0x000000d713e00000)]
  0x0000029a7dfa38e0 JavaThread "Timer hack thread" daemon [_thread_blocked, id=57328, stack(0x000000d715000000,0x000000d715100000)]
  0x0000029a7dfa4d20 JavaThread "Worker-Main-1" daemon [_thread_blocked, id=61576, stack(0x000000d715100000,0x000000d715200000)]
  0x0000029a7dfa1570 JavaThread "Worker-Main-2" daemon [_thread_blocked, id=15044, stack(0x000000d715200000,0x000000d715300000)]
  0x0000029a7dfa5740 JavaThread "Worker-Main-3" daemon [_thread_blocked, id=66176, stack(0x000000d715300000,0x000000d715400000)]
  0x0000029a7dfa1f90 JavaThread "Worker-Main-4" daemon [_thread_blocked, id=29744, stack(0x000000d715400000,0x000000d715500000)]
  0x0000029a7dfa7fc0 JavaThread "Server thread" [_thread_in_Java, id=60652, stack(0x000000d715500000,0x000000d715600000)]
  0x0000029a372661e0 JavaThread "RegionFile I/O Thread #0" [_thread_blocked, id=65436, stack(0x000000d715900000,0x000000d715a00000)]
  0x0000029a7dbefec0 JavaThread "Tuinity Chunk System Worker #0" [_thread_blocked, id=52404, stack(0x000000d715a00000,0x000000d715b00000)]
  0x0000029a7dbf0df0 JavaThread "Tuinity Chunk System Worker #1" [_thread_blocked, id=21828, stack(0x000000d715b00000,0x000000d715c00000)]
  0x0000029a7dbf2740 JavaThread "Tuinity Chunk System Worker #2" [_thread_blocked, id=23904, stack(0x000000d715c00000,0x000000d715d00000)]
  0x0000029a7dbef4a0 JavaThread "Paper Watchdog Thread" [_thread_blocked, id=19812, stack(0x000000d715d00000,0x000000d715e00000)]
  0x0000029a7dbf1d20 JavaThread "Server console handler" daemon [_thread_blocked, id=44308, stack(0x000000d715e00000,0x000000d715f00000)]
  0x0000029a7dbf2c50 JavaThread "pool-6-thread-1" [_thread_blocked, id=9908, stack(0x000000d715f00000,0x000000d716000000)]
  0x0000029a7dbf2230 JavaThread "Netty Server IO #0" daemon [_thread_in_native, id=14912, stack(0x000000d716000000,0x000000d716100000)]
  0x0000029a7dfa6b80 JavaThread "luckperms-worker-0" daemon [_thread_blocked, id=59200, stack(0x000000d716e00000,0x000000d716f00000)]
  0x0000029a7dfa6160 JavaThread "luckperms-worker-1" daemon [_thread_blocked, id=26056, stack(0x000000d716f00000,0x000000d717000000)]
  0x0000029a7dfa7090 JavaThread "luckperms-worker-2" daemon [_thread_blocked, id=27324, stack(0x000000d717000000,0x000000d717100000)]
  0x0000029a7dfa7ab0 JavaThread "luckperms-worker-3" daemon [_thread_blocked, id=35828, stack(0x000000d717100000,0x000000d717200000)]
  0x0000029a7dfa84d0 JavaThread "luckperms-worker-4" daemon [_thread_blocked, id=32028, stack(0x000000d717200000,0x000000d717300000)]
  0x0000029a7dbf6910 JavaThread "luckperms-worker-5" daemon [_thread_blocked, id=6172, stack(0x000000d717300000,0x000000d717400000)]
  0x0000029a01d88b40 JavaThread "luckperms-worker-6" daemon [_thread_blocked, id=53424, stack(0x000000d717400000,0x000000d717500000)]
  0x0000029a01d871f0 JavaThread "luckperms-worker-7" daemon [_thread_blocked, id=34692, stack(0x000000d717500000,0x000000d717600000)]
  0x0000029a01d87700 JavaThread "luckperms-worker-8" daemon [_thread_blocked, id=50656, stack(0x000000d717600000,0x000000d717700000)]
  0x0000029a01d89a70 JavaThread "luckperms-worker-9" daemon [_thread_blocked, id=416, stack(0x000000d717700000,0x000000d717800000)]
  0x0000029a01d88120 JavaThread "luckperms-scheduler" [_thread_blocked, id=41476, stack(0x000000d717800000,0x000000d717900000)]
  0x0000029a01d8aeb0 JavaThread "WorldEdit Session Manager" [_thread_blocked, id=45476, stack(0x000000d717900000,0x000000d717a00000)]
  0x0000029a0b646570 JavaThread "FileSystemWatchService" daemon [_thread_in_native, id=46100, stack(0x000000d717b00000,0x000000d717c00000)]
  0x0000029a0b644710 JavaThread "luckperms-worker-10" daemon [_thread_blocked, id=46936, stack(0x000000d717c00000,0x000000d717d00000)]
  0x0000029a0b645130 JavaThread "Okio Watchdog" daemon [_thread_blocked, id=23540, stack(0x000000d717d00000,0x000000d717e00000)]
  0x0000029a0b644c20 JavaThread "MVStore background writer D:/server-minecraft/plugins/LuckPerms/luckperms-h2-v2.mv.db" daemon [_thread_blocked, id=47008, stack(0x000000d717f00000,0x000000d718000000)]
  0x0000029a0b645640 JavaThread "OkHttp metadata.luckperms.net" daemon [_thread_in_native, id=22272, stack(0x000000d718000000,0x000000d718100000)]
  0x0000029a0b646f90 JavaThread "OkHttp ConnectionPool" daemon [_thread_blocked, id=53812, stack(0x000000d718100000,0x000000d718200000)]
  0x0000029a0b643cf0 JavaThread "OkHttp metadata.luckperms.net Writer" [_thread_blocked, id=35792, stack(0x000000d718200000,0x000000d718300000)]
  0x0000029a0b6474a0 JavaThread "OkHttp Http2Connection" daemon [_thread_blocked, id=48072, stack(0x000000d718300000,0x000000d718400000)]
  0x0000029a0b649810 JavaThread "H2-serialization" daemon [_thread_blocked, id=21336, stack(0x000000d718400000,0x000000d718500000)]
  0x0000029a0b649d20 JavaThread "H2-save" daemon [_thread_blocked, id=20672, stack(0x000000d718500000,0x000000d718600000)]
  0x0000029a0b64a230 JavaThread "Timer-0" daemon [_thread_blocked, id=13580, stack(0x000000d718600000,0x000000d718700000)]
  0x0000029a0b6479b0 JavaThread "bStats-Metrics" [_thread_blocked, id=45420, stack(0x000000d718700000,0x000000d718800000)]
  0x0000029a0b6483d0 JavaThread "bStats-Metrics" [_thread_blocked, id=56252, stack(0x000000d718a00000,0x000000d718b00000)]
  0x0000029a0b6488e0 JavaThread "mysql-cj-abandoned-connection-cleanup" daemon [_thread_blocked, id=44176, stack(0x000000d718b00000,0x000000d718c00000)]
  0x0000029a01d8d730 JavaThread "helper-scheduler-timer" daemon [_thread_blocked, id=38064, stack(0x000000d718d00000,0x000000d718e00000)]
  0x0000029a01d8dc40 JavaThread "ForkJoinPool.commonPool-worker-1" daemon [_thread_blocked, id=37852, stack(0x000000d718f00000,0x000000d719000000)]
  0x0000029a01d8b8d0 JavaThread "ForkJoinPool.commonPool-worker-2" daemon [_thread_blocked, id=59440, stack(0x000000d719000000,0x000000d719100000)]
  0x0000029a01d8a490 JavaThread "bStats-Metrics" daemon [_thread_blocked, id=37584, stack(0x000000d719100000,0x000000d719200000)]
  0x0000029a01d8b3c0 JavaThread "bStats-Metrics" [_thread_blocked, id=2524, stack(0x000000d718800000,0x000000d718900000)]
  0x0000029a0b6432d0 JavaThread "placeholderapi-io-#0" [_thread_blocked, id=46160, stack(0x000000d718900000,0x000000d718a00000)]
  0x0000029a0b64ac50 JavaThread "bStats-Metrics" daemon [_thread_blocked, id=19904, stack(0x000000d719200000,0x000000d719300000)]
  0x0000029a01d8c800 JavaThread "WorldGuard Region I/O" [_thread_blocked, id=17320, stack(0x000000d719300000,0x000000d719400000)]
  0x0000029a7dbf08e0 JavaThread "bStats-Metrics" [_thread_blocked, id=1092, stack(0x000000d719400000,0x000000d719500000)]
  0x0000029a01d8c2f0 JavaThread "WorldGuard Region Chunk Table - world_nether" [_thread_blocked, id=61212, stack(0x000000d718c00000,0x000000d718d00000)]
  0x0000029a0b6437e0 JavaThread "WorldGuard Region Chunk Table - world" [_thread_blocked, id=55252, stack(0x000000d719500000,0x000000d719600000)]
  0x0000029a0932bfb0 JavaThread "WorldGuard Region Chunk Table - world_the_end" [_thread_blocked, id=39048, stack(0x000000d719600000,0x000000d719700000)]
  0x0000029a0932d3f0 JavaThread "bStats-Metrics" [_thread_blocked, id=54976, stack(0x000000d719700000,0x000000d719800000)]
  0x0000029a0932b080 JavaThread "lumine-scheduler-timer" daemon [_thread_blocked, id=58644, stack(0x000000d719800000,0x000000d719900000)]
  0x0000029a09331fe0 JavaThread "lumine-scheduler-0" daemon [_thread_blocked, id=48844, stack(0x000000d717a00000,0x000000d717b00000)]
  0x0000029a01d8cd10 JavaThread "helper-scheduler-0" daemon [_thread_blocked, id=60604, stack(0x000000d719900000,0x000000d719a00000)]
  0x0000029a01d8d220 JavaThread "pool-58-thread-1" [_thread_blocked, id=41496, stack(0x000000d719a00000,0x000000d719b00000)]
  0x0000029a01d89f80 JavaThread "bStats-Metrics" [_thread_blocked, id=46120, stack(0x000000d718e00000,0x000000d718f00000)]
  0x0000029a08e79a10 JavaThread "bStats-Metrics" [_thread_blocked, id=60508, stack(0x000000d719b00000,0x000000d719c00000)]
  0x0000029a08e78ae0 JavaThread "Keep-Alive-Timer" daemon [_thread_blocked, id=44848, stack(0x000000d719c00000,0x000000d719d00000)]
  0x0000029a08e7b870 JavaThread "bStats-Metrics" [_thread_blocked, id=35208, stack(0x000000d719d00000,0x000000d719e00000)]
  0x0000029a08e79500 JavaThread "bStats-Metrics" [_thread_blocked, id=50496, stack(0x000000d719e00000,0x000000d719f00000)]
  0x0000029a08e78ff0 JavaThread "pool-67-thread-1" [_thread_in_native, id=43496, stack(0x000000d719f00000,0x000000d71a000000)]
  0x0000029a08e7c290 JavaThread "ESGUI_UTIL_THREAD #0" [_thread_blocked, id=3812, stack(0x000000d71a000000,0x000000d71a100000)]
  0x0000029a08e7c7a0 JavaThread "HikariPool-1 housekeeper" daemon [_thread_blocked, id=49448, stack(0x000000d71a100000,0x000000d71a200000)]
  0x0000029a08e79f20 JavaThread "bStats-Metrics" [_thread_blocked, id=12892, stack(0x000000d71a200000,0x000000d71a300000)]
  0x0000029a08e7e0f0 JavaThread "bStats-Metrics" daemon [_thread_blocked, id=26260, stack(0x000000d71a300000,0x000000d71a400000)]
  0x0000029a08e7e600 JavaThread "TAB Permission Group Refreshing Thread" [_thread_blocked, id=35476, stack(0x000000d71a400000,0x000000d71a500000)]
  0x0000029a08e7f020 JavaThread "TAB TabList Entry Checker Thread" [_thread_blocked, id=66688, stack(0x000000d71a500000,0x000000d71a600000)]
  0x0000029a08e7eb10 JavaThread "TAB Processing Thread" [_thread_blocked, id=63064, stack(0x000000d71a600000,0x000000d71a700000)]
  0x0000029a08e7fa40 JavaThread "MVStore background writer nio:D:/server-minecraft/plugins/SimpleScore/data-h2.mv.db" daemon [_thread_blocked, id=33052, stack(0x000000d71a700000,0x000000d71a800000)]
  0x0000029a0932c4c0 JavaThread "bStats-Metrics" [_thread_blocked, id=17812, stack(0x000000d71a800000,0x000000d71a900000)]
  0x0000029a0932c9d0 JavaThread "TAB Placeholder Refreshing Thread" [_thread_blocked, id=9692, stack(0x000000d71a900000,0x000000d71aa00000)]
  0x0000029a0932f760 JavaThread "InteractiveChat Async ChatPacket Ordered Sending Thread" [_thread_blocked, id=33360, stack(0x000000d713900000,0x000000d713a00000)]
  0x0000029a0932fc70 JavaThread "InteractiveChat Async Monitor Thread" [_thread_blocked, id=33248, stack(0x000000d715600000,0x000000d715700000)]
  0x0000029a09330690 JavaThread "Timer-1" [_thread_blocked, id=31288, stack(0x000000d715700000,0x000000d715800000)]
  0x0000029a08e7a940 JavaThread "bStats-Metrics" [_thread_blocked, id=9484, stack(0x000000d715800000,0x000000d715900000)]
  0x0000029a08e7bd80 JavaThread "xprison-0 housekeeper" daemon [_thread_blocked, id=11200, stack(0x000000d71aa00000,0x000000d71ab00000)]
  0x0000029a0932cee0 JavaThread "pool-67-thread-2" [_thread_blocked, id=52640, stack(0x000000d71ab00000,0x000000d71ac00000)]
  0x0000029a0932e320 JavaThread "WorldGuard Region Chunk Table - world_prison" [_thread_blocked, id=22136, stack(0x000000d71ac00000,0x000000d71ad00000)]
  0x0000029a0932d900 JavaThread "helper-scheduler-1" daemon [_thread_blocked, id=22764, stack(0x000000d71ad00000,0x000000d71ae00000)]
  0x0000029a093324f0 JavaThread "bStats-Metrics" [_thread_blocked, id=51868, stack(0x000000d71ae00000,0x000000d71af00000)]
  0x0000029a7dfa5230 JavaThread "RCON Listener #1" [_thread_in_native, id=52660, stack(0x000000d71af00000,0x000000d71b000000)]
  0x0000029a7dfa5c50 JavaThread "Netty Server IO #1" daemon [_thread_in_native, id=10556, stack(0x000000d71b000000,0x000000d71b100000)]
  0x0000029a7dfa4300 JavaThread "Netty Server IO #2" daemon [_thread_in_native, id=23520, stack(0x000000d71b100000,0x000000d71b200000)]
  0x0000029a7dfa89e0 JavaThread "Java2D Disposer" daemon [_thread_blocked, id=28808, stack(0x000000d71b200000,0x000000d71b300000)]
  0x0000029a7dfa6670 JavaThread "Craft Async Scheduler Management Thread" [_thread_blocked, id=40232, stack(0x000000d71b300000,0x000000d71b400000)]
  0x0000029a01d86ce0 JavaThread "Craft Scheduler Thread - 4" [_thread_blocked, id=17780, stack(0x000000d71b400000,0x000000d71b500000)]
  0x0000029a01d88630 JavaThread "Craft Scheduler Thread - 5" [_thread_blocked, id=61188, stack(0x000000d71b500000,0x000000d71b600000)]
  0x0000029a08e7ccb0 JavaThread "Craft Scheduler Thread - 6" [_thread_blocked, id=16092, stack(0x000000d71b600000,0x000000d71b700000)]
  0x0000029a08e7dbe0 JavaThread "Craft Scheduler Thread - 7" [_thread_blocked, id=11836, stack(0x000000d71b700000,0x000000d71b800000)]
  0x0000029a0b649300 JavaThread "Craft Scheduler Thread - 8" [_thread_blocked, id=53796, stack(0x000000d71b800000,0x000000d71b900000)]
  0x0000029a0b647ec0 JavaThread "Craft Scheduler Thread - 9" [_thread_blocked, id=57756, stack(0x000000d71b900000,0x000000d71ba00000)]
  0x0000029a7dbf3b80 JavaThread "Craft Scheduler Thread - 10" [_thread_blocked, id=52324, stack(0x000000d71ba00000,0x000000d71bb00000)]
  0x0000029a7f7ccb80 JavaThread "Craft Scheduler Thread - 11" [_thread_blocked, id=50636, stack(0x000000d71bb00000,0x000000d71bc00000)]
  0x0000029a7f7cd5a0 JavaThread "Craft Scheduler Thread - 12" [_thread_blocked, id=20840, stack(0x000000d71bc00000,0x000000d71bd00000)]
  0x0000029a7f7cdab0 JavaThread "Craft Scheduler Thread - 13" [_thread_blocked, id=58932, stack(0x000000d71bd00000,0x000000d71be00000)]
  0x0000029a7f7cf910 JavaThread "Craft Scheduler Thread - 14" [_thread_blocked, id=32488, stack(0x000000d71be00000,0x000000d71bf00000)]
  0x0000029a7f7ce9e0 JavaThread "Craft Scheduler Thread - 15" [_thread_blocked, id=10524, stack(0x000000d71bf00000,0x000000d71c000000)]
  0x0000029a7f7ceef0 JavaThread "Craft Scheduler Thread - 16 - HeadDatabase" [_thread_in_native, id=17028, stack(0x000000d716400000,0x000000d716500000)]
  0x0000029a7f7cfe20 JavaThread "Craft Scheduler Thread - 17" [_thread_blocked, id=50196, stack(0x000000d716600000,0x000000d716700000)]
  0x0000029a7f7cdfc0 JavaThread "Craft Scheduler Thread - 18" [_thread_blocked, id=15880, stack(0x000000d716300000,0x000000d716400000)]
  0x0000029a7f7d0330 JavaThread "Craft Scheduler Thread - 19" [_thread_blocked, id=22748, stack(0x000000d716200000,0x000000d716300000)]
  0x0000029a7f7cf400 JavaThread "Craft Scheduler Thread - 20" [_thread_blocked, id=35144, stack(0x000000d716500000,0x000000d716600000)]
  0x0000029a7f7ce4d0 JavaThread "Craft Scheduler Thread - 21" [_thread_blocked, id=61044, stack(0x000000d716700000,0x000000d716800000)]
  0x0000029a7f7cd090 JavaThread "Craft Scheduler Thread - 22" [_thread_blocked, id=60600, stack(0x000000d716800000,0x000000d716900000)]
  0x0000029a7dbf3160 JavaThread "Craft Scheduler Thread - 23" [_thread_blocked, id=33016, stack(0x000000d716900000,0x000000d716a00000)]
  0x0000029a7dbef9b0 JavaThread "Craft Scheduler Thread - 24" [_thread_blocked, id=876, stack(0x000000d716a00000,0x000000d716b00000)]
  0x0000029a7dbf4090 JavaThread "Craft Scheduler Thread - 25" [_thread_blocked, id=66708, stack(0x000000d716b00000,0x000000d716c00000)]
  0x0000029a7dbf45a0 JavaThread "Craft Scheduler Thread - 26" [_thread_blocked, id=30968, stack(0x000000d716c00000,0x000000d716d00000)]
  0x0000029a7dbf4ab0 JavaThread "Craft Scheduler Thread - 27" [_thread_blocked, id=32668, stack(0x000000d716d00000,0x000000d716e00000)]
  0x0000029a7dbf1300 JavaThread "Craft Scheduler Thread - 28" [_thread_blocked, id=1884, stack(0x000000d71c000000,0x000000d71c100000)]
  0x0000029a7dbf59e0 JavaThread "Craft Scheduler Thread - 29" [_thread_blocked, id=33808, stack(0x000000d71c100000,0x000000d71c200000)]
  0x0000029a7dbf54d0 JavaThread "Craft Scheduler Thread - 30" [_thread_blocked, id=56020, stack(0x000000d71c200000,0x000000d71c300000)]
  0x0000029a7dbf4fc0 JavaThread "Craft Scheduler Thread - 31" [_thread_blocked, id=60364, stack(0x000000d71c300000,0x000000d71c400000)]
  0x0000029a7dbf5ef0 JavaThread "Craft Scheduler Thread - 32" [_thread_blocked, id=46472, stack(0x000000d71c400000,0x000000d71c500000)]
  0x0000029a7dbf6400 JavaThread "Craft Scheduler Thread - 33" [_thread_blocked, id=24880, stack(0x000000d71c500000,0x000000d71c600000)]
  0x0000029a7dbf6e20 JavaThread "Craft Scheduler Thread - 34 - InteractiveChat" [_thread_in_native, id=65732, stack(0x000000d71c600000,0x000000d71c700000)]
  0x0000029a01b485a0 JavaThread "Timer-2" daemon [_thread_blocked, id=63972, stack(0x000000d71c700000,0x000000d71c800000)]
  0x0000029a01b4a910 JavaThread "User Authenticator #0" [_thread_blocked, id=42836, stack(0x000000d71c800000,0x000000d71c900000)]
  0x0000029a01b4b330 JavaThread "User Authenticator #1" [_thread_blocked, id=64192, stack(0x000000d71c900000,0x000000d71ca00000)]
  0x0000029a01b4ae20 JavaThread "ForkJoinPool-3-worker-1" daemon [_thread_blocked, id=43608, stack(0x000000d71ca00000,0x000000d71cb00000)]
  0x0000029a01b49ef0 JavaThread "Skript variable save thread for database 'CSV'" [_thread_blocked, id=24244, stack(0x000000d71cc00000,0x000000d71cd00000)]
  0x0000029a01b48ab0 JavaThread "Skript variable save thread" [_thread_blocked, id=35764, stack(0x000000d71cd00000,0x000000d71ce00000)]
  0x0000029a01b48fc0 JavaThread "bStats-Metrics" daemon [_thread_blocked, id=37360, stack(0x000000d71cb00000,0x000000d71cc00000)]
  0x0000029a01b4c260 JavaThread "Timer-3" daemon [_thread_blocked, id=4160, stack(0x000000d71ce00000,0x000000d71cf00000)]
  0x0000029a01b4dbb0 JavaThread "pool-88-thread-1" [_thread_blocked, id=36260, stack(0x000000d71cf00000,0x000000d71d000000)]
  0x0000029a01b4e0c0 JavaThread "bStats-Metrics" [_thread_blocked, id=39396, stack(0x000000d71d000000,0x000000d71d100000)]
  0x0000029a01b4eae0 JavaThread "DecentHolograms Thread #1" daemon [_thread_blocked, id=35964, stack(0x000000d71d100000,0x000000d71d200000)]
  0x0000029a01b4cc80 JavaThread "DecentHolograms Thread #2" daemon [_thread_blocked, id=58272, stack(0x000000d71d200000,0x000000d71d300000)]
  0x0000029a01b4f500 JavaThread "DecentHolograms Thread #3" daemon [_thread_blocked, id=60956, stack(0x000000d71d300000,0x000000d71d400000)]
  0x0000029a01b4a400 JavaThread "ForkJoinPool.commonPool-worker-3" daemon [_thread_blocked, id=38944, stack(0x000000d71d500000,0x000000d71d600000)]
  0x0000029a01b4fa10 JavaThread "lumine-scheduler-1" daemon [_thread_blocked, id=46588, stack(0x000000d71d400000,0x000000d71d500000)]
  0x0000029a01b4eff0 JavaThread "pool-89-thread-1" [_thread_blocked, id=25592, stack(0x000000d71d600000,0x000000d71d700000)]
  0x0000029a01b4c770 JavaThread "Paper Async Task Handler Thread - 0" [_thread_blocked, id=10720, stack(0x000000d71d700000,0x000000d71d800000)]
  0x0000029a0932f250 JavaThread "Paper Async Command Builder Thread Pool - 0" [_thread_blocked, id=47576, stack(0x000000d71d800000,0x000000d71d900000)]
  0x0000029a08762320 JavaThread "TAB Header/Footer Thread" [_thread_blocked, id=2384, stack(0x000000d71d900000,0x000000d71da00000)]
  0x0000029a0875f080 JavaThread "TAB Playerlist Objective Thread" [_thread_blocked, id=55812, stack(0x000000d71da00000,0x000000d71db00000)]
  0x0000029a08762d40 JavaThread "TAB NameTag Thread" [_thread_blocked, id=55284, stack(0x000000d71db00000,0x000000d71dc00000)]
  0x0000029a08765fe0 JavaThread "WorldGuard Task Executor - 0" [_thread_blocked, id=23576, stack(0x000000d71dc00000,0x000000d71dd00000)]
  0x0000029a08763c70 JavaThread "InteractiveChat Async ChatMessage Process Scheduling Thread" [_thread_blocked, id=16808, stack(0x000000d71dd00000,0x000000d71de00000)]
  0x0000029a08764690 JavaThread "InteractiveChat Async ChatMessage Processing Thread #0" [_thread_blocked, id=26452, stack(0x000000d71de00000,0x000000d71df00000)]
  0x0000029a08764ba0 JavaThread "pool-57-thread-1" [_thread_blocked, id=2504, stack(0x000000d71df00000,0x000000d71e000000)]
  0x0000029a0ad22080 JavaThread "InteractiveChat Async ChatMessage Processing Thread #1" [_thread_blocked, id=57324, stack(0x000000d71e000000,0x000000d71e100000)]
  0x0000029a00e08f80 JavaThread "C2 CompilerThread1" daemon [_thread_in_native, id=52944, stack(0x000000d71e100000,0x000000d71e200000)]
  0x0000029a0ad22aa0 JavaThread "InteractiveChat Async ChatMessage Processing Thread #2" [_thread_blocked, id=32232, stack(0x000000d71e200000,0x000000d71e300000)]
  0x0000029a0ad239d0 JavaThread "InteractiveChat Async ChatMessage Processing Thread #3" [_thread_blocked, id=53072, stack(0x000000d71e300000,0x000000d71e400000)]
  0x0000029a0ad243f0 JavaThread "InteractiveChat Async ChatMessage Processing Thread #4" [_thread_blocked, id=24848, stack(0x000000d71e400000,0x000000d71e500000)]
  0x0000029a0ad26c70 JavaThread "InteractiveChat Async ChatMessage Processing Thread #5" [_thread_blocked, id=9700, stack(0x000000d71e500000,0x000000d71e600000)]
  0x0000029a0ad27690 JavaThread "InteractiveChat Async ChatMessage Processing Thread #6" [_thread_blocked, id=62912, stack(0x000000d71e600000,0x000000d71e700000)]
  0x0000029a0ad280b0 JavaThread "InteractiveChat Async ChatMessage Processing Thread #7" [_thread_blocked, id=46688, stack(0x000000d71e700000,0x000000d71e800000)]

Other Threads:
  0x0000029a371216b0 VMThread "VM Thread" [stack: 0x000000d712c00000,0x000000d712d00000] [id=62040]
  0x0000029a37112f70 WatcherThread [stack: 0x000000d713700000,0x000000d713800000] [id=48000]
  0x0000029a14621790 GCTaskThread "GC Thread#0" [stack: 0x000000d712400000,0x000000d712500000] [id=45388]
  0x0000029a14679c90 GCTaskThread "GC Thread#1" [stack: 0x000000d712700000,0x000000d712800000] [id=44808]
  0x0000029a1467a5a0 GCTaskThread "GC Thread#2" [stack: 0x000000d712800000,0x000000d712900000] [id=49428]
  0x0000029a1467bb80 GCTaskThread "GC Thread#3" [stack: 0x000000d712900000,0x000000d712a00000] [id=55876]
  0x0000029a7e586730 GCTaskThread "GC Thread#4" [stack: 0x000000d714100000,0x000000d714200000] [id=41952]
  0x0000029a7e4a8da0 GCTaskThread "GC Thread#5" [stack: 0x000000d714200000,0x000000d714300000] [id=7728]
  0x0000029a7e131a90 GCTaskThread "GC Thread#6" [stack: 0x000000d714300000,0x000000d714400000] [id=16928]
  0x0000029a7e5e6840 GCTaskThread "GC Thread#7" [stack: 0x000000d714400000,0x000000d714500000] [id=34096]
  0x0000029a7f0822f0 GCTaskThread "GC Thread#8" [stack: 0x000000d714500000,0x000000d714600000] [id=6468]
  0x0000029a7dcf2590 GCTaskThread "GC Thread#9" [stack: 0x000000d714600000,0x000000d714700000] [id=7700]
  0x0000029a14626750 ConcurrentGCThread "G1 Main Marker" [stack: 0x000000d712500000,0x000000d712600000] [id=30172]
  0x0000029a14627bf0 ConcurrentGCThread "G1 Conc#0" [stack: 0x000000d712600000,0x000000d712700000] [id=43624]
  0x0000029a7e080740 ConcurrentGCThread "G1 Conc#1" [stack: 0x000000d714700000,0x000000d714800000] [id=35896]
  0x0000029a7e57b060 ConcurrentGCThread "G1 Conc#2" [stack: 0x000000d714800000,0x000000d714900000] [id=43980]
  0x0000029a36d3b890 ConcurrentGCThread "G1 Refine#0" [stack: 0x000000d712a00000,0x000000d712b00000] [id=10820]
  0x0000029a7d0dc330 ConcurrentGCThread "G1 Refine#1" [stack: 0x000000d714900000,0x000000d714a00000] [id=16936]
  0x0000029a145cab60 ConcurrentGCThread "G1 Refine#2" [stack: 0x000000d714a00000,0x000000d714b00000] [id=18964]
  0x0000029a7e53d2c0 ConcurrentGCThread "G1 Refine#3" [stack: 0x000000d714b00000,0x000000d714c00000] [id=55312]
  0x0000029a7e583070 ConcurrentGCThread "G1 Refine#4" [stack: 0x000000d714c00000,0x000000d714d00000] [id=67276]
  0x0000029a7ec59840 ConcurrentGCThread "G1 Refine#5" [stack: 0x000000d714d00000,0x000000d714e00000] [id=63884]
  0x0000029a00466530 ConcurrentGCThread "G1 Refine#6" [stack: 0x000000d714e00000,0x000000d714f00000] [id=57844]
  0x0000029a7e9ea700 ConcurrentGCThread "G1 Refine#7" [stack: 0x000000d714f00000,0x000000d715000000] [id=8732]
  0x0000029a0190a070 ConcurrentGCThread "G1 Refine#8" [stack: 0x000000d716100000,0x000000d716200000] [id=34516]
  0x0000029a0190ac30 ConcurrentGCThread "G1 Refine#9" [stack: 0x000000d713a00000,0x000000d713b00000] [id=64368]
  0x0000029a36d3c070 ConcurrentGCThread "G1 Service" [stack: 0x000000d712b00000,0x000000d712c00000] [id=11192]

Threads with active compile tasks:
C2 CompilerThread0  60483 38883   !   4       net.minecraft.server.level.ChunkProviderServer::t (1437 bytes)
C1 CompilerThread0  61478 39147   !   3       org.bukkit.craftbukkit.v1_19_R3.scheduler.CraftAsyncTask::run (807 bytes)
C2 CompilerThread1  61478 38954       4       net.minecraft.world.entity.Entity::a (450 bytes)

VM state: synchronizing (normal execution)

VM Mutex/Monitor currently owned by a thread:  ([mutex/lock_event])
[0x0000029a1408f8e0] Threads_lock - owner thread: 0x0000029a371216b0

Heap address: 0x0000000700000000, size: 4096 MB, Compressed Oops mode: Zero based, Oop shift amount: 3

CDS archive(s) mapped at: [0x0000029a38000000-0x0000029a38a50000-0x0000029a38a50000), size 10813440, SharedBaseAddress: 0x0000029a38000000, ArchiveRelocationMode: 1.
Compressed class space mapped at: 0x0000029a39000000-0x0000029a79000000, reserved size: 1073741824
Narrow klass base: 0x0000029a38000000, Narrow klass shift: 0, Narrow klass range: 0x100000000

GC Precious Log:
 CPUs: 12 total, 12 available
 Memory: 16267M
 Large Page Support: Disabled
 NUMA Support: Disabled
 Compressed Oops: Enabled (Zero based)
 Heap Region Size: 8M
 Heap Min Capacity: 4G
 Heap Initial Capacity: 4G
 Heap Max Capacity: 4G
 Pre-touch: Enabled
 Parallel Workers: 10
 Concurrent Workers: 3
 Concurrent Refinement Workers: 10
 Periodic GC: Disabled

Heap:
 garbage-first heap   total 4194304K, used 1225014K [0x0000000700000000, 0x0000000800000000)
  region size 8192K, 33 young (270336K), 5 survivors (40960K)
 Metaspace       used 283902K, committed 286976K, reserved 1310720K
  class space    used 41013K, committed 42496K, reserved 1048576K

Heap Regions: E=young(eden), S=young(survivor), O=old, HS=humongous(starts), HC=humongous(continues), CS=collection set, F=free, OA=open archive, CA=closed archive, TAMS=top-at-mark-start (previous, next)
|   0|0x0000000700000000, 0x0000000700800000, 0x0000000700800000|100%| O|  |TAMS 0x0000000700800000, 0x0000000700000000| Untracked 
|   1|0x0000000700800000, 0x0000000701000000, 0x0000000701000000|100%| O|  |TAMS 0x0000000701000000, 0x0000000700800000| Untracked 
|   2|0x0000000701000000, 0x0000000701800000, 0x0000000701800000|100%| O|  |TAMS 0x0000000701800000, 0x0000000701000000| Untracked 
|   3|0x0000000701800000, 0x0000000702000000, 0x0000000702000000|100%| O|  |TAMS 0x0000000702000000, 0x0000000701800000| Untracked 
|   4|0x0000000702000000, 0x0000000702800000, 0x0000000702800000|100%| O|  |TAMS 0x0000000702800000, 0x0000000702000000| Untracked 
|   5|0x0000000702800000, 0x0000000703000000, 0x0000000703000000|100%| O|  |TAMS 0x0000000703000000, 0x0000000702800000| Untracked 
|   6|0x0000000703000000, 0x0000000703800000, 0x0000000703800000|100%| O|  |TAMS 0x0000000703800000, 0x0000000703000000| Untracked 
|   7|0x0000000703800000, 0x0000000704000000, 0x0000000704000000|100%| O|  |TAMS 0x0000000704000000, 0x0000000703800000| Untracked 
|   8|0x0000000704000000, 0x0000000704800000, 0x0000000704800000|100%| O|  |TAMS 0x0000000704800000, 0x0000000704000000| Untracked 
|   9|0x0000000704800000, 0x0000000705000000, 0x0000000705000000|100%| O|  |TAMS 0x0000000705000000, 0x0000000704800000| Untracked 
|  10|0x0000000705000000, 0x0000000705800000, 0x0000000705800000|100%| O|  |TAMS 0x0000000705800000, 0x0000000705000000| Untracked 
|  11|0x0000000705800000, 0x0000000706000000, 0x0000000706000000|100%| O|  |TAMS 0x0000000706000000, 0x0000000705800000| Untracked 
|  12|0x0000000706000000, 0x0000000706800000, 0x0000000706800000|100%| O|  |TAMS 0x0000000706800000, 0x0000000706000000| Untracked 
|  13|0x0000000706800000, 0x0000000707000000, 0x0000000707000000|100%| O|  |TAMS 0x0000000707000000, 0x0000000706800000| Untracked 
|  14|0x0000000707000000, 0x0000000707800000, 0x0000000707800000|100%| O|  |TAMS 0x0000000707800000, 0x0000000707000000| Untracked 
|  15|0x0000000707800000, 0x0000000708000000, 0x0000000708000000|100%| O|  |TAMS 0x0000000708000000, 0x0000000707800000| Untracked 
|  16|0x0000000708000000, 0x0000000708800000, 0x0000000708800000|100%| O|  |TAMS 0x0000000708800000, 0x0000000708000000| Untracked 
|  17|0x0000000708800000, 0x0000000709000000, 0x0000000709000000|100%| O|  |TAMS 0x0000000709000000, 0x0000000708800000| Untracked 
|  18|0x0000000709000000, 0x0000000709800000, 0x0000000709800000|100%| O|  |TAMS 0x0000000709800000, 0x0000000709000000| Untracked 
|  19|0x0000000709800000, 0x000000070a000000, 0x000000070a000000|100%| O|  |TAMS 0x000000070a000000, 0x0000000709800000| Untracked 
|  20|0x000000070a000000, 0x000000070a800000, 0x000000070a800000|100%| O|  |TAMS 0x000000070a800000, 0x000000070a000000| Untracked 
|  21|0x000000070a800000, 0x000000070b000000, 0x000000070b000000|100%| O|  |TAMS 0x000000070b000000, 0x000000070a800000| Untracked 
|  22|0x000000070b000000, 0x000000070b800000, 0x000000070b800000|100%| O|  |TAMS 0x000000070b800000, 0x000000070b000000| Untracked 
|  23|0x000000070b800000, 0x000000070c000000, 0x000000070c000000|100%| O|  |TAMS 0x000000070c000000, 0x000000070b800000| Untracked 
|  24|0x000000070c000000, 0x000000070c800000, 0x000000070c800000|100%| O|  |TAMS 0x000000070c800000, 0x000000070c000000| Untracked 
|  25|0x000000070c800000, 0x000000070d000000, 0x000000070d000000|100%| O|  |TAMS 0x000000070d000000, 0x000000070c800000| Untracked 
|  26|0x000000070d000000, 0x000000070d800000, 0x000000070d800000|100%| O|  |TAMS 0x000000070d800000, 0x000000070d000000| Untracked 
|  27|0x000000070d800000, 0x000000070e000000, 0x000000070e000000|100%| O|  |TAMS 0x000000070e000000, 0x000000070d800000| Untracked 
|  28|0x000000070e000000, 0x000000070e800000, 0x000000070e800000|100%| O|  |TAMS 0x000000070e800000, 0x000000070e000000| Untracked 
|  29|0x000000070e800000, 0x000000070f000000, 0x000000070f000000|100%| O|  |TAMS 0x000000070f000000, 0x000000070e800000| Untracked 
|  30|0x000000070f000000, 0x000000070f800000, 0x000000070f800000|100%| O|  |TAMS 0x000000070f800000, 0x000000070f000000| Untracked 
|  31|0x000000070f800000, 0x0000000710000000, 0x0000000710000000|100%| O|  |TAMS 0x0000000710000000, 0x000000070f800000| Untracked 
|  32|0x0000000710000000, 0x0000000710800000, 0x0000000710800000|100%| O|  |TAMS 0x0000000710800000, 0x0000000710000000| Untracked 
|  33|0x0000000710800000, 0x0000000711000000, 0x0000000711000000|100%| O|  |TAMS 0x0000000711000000, 0x0000000710800000| Untracked 
|  34|0x0000000711000000, 0x0000000711800000, 0x0000000711800000|100%| O|  |TAMS 0x0000000711800000, 0x0000000711000000| Untracked 
|  35|0x0000000711800000, 0x0000000712000000, 0x0000000712000000|100%| O|  |TAMS 0x0000000712000000, 0x0000000711800000| Untracked 
|  36|0x0000000712000000, 0x0000000712800000, 0x0000000712800000|100%| O|  |TAMS 0x0000000712800000, 0x0000000712000000| Untracked 
|  37|0x0000000712800000, 0x0000000713000000, 0x0000000713000000|100%| O|  |TAMS 0x0000000713000000, 0x0000000712800000| Untracked 
|  38|0x0000000713000000, 0x0000000713800000, 0x0000000713800000|100%| O|  |TAMS 0x0000000713800000, 0x0000000713000000| Untracked 
|  39|0x0000000713800000, 0x0000000714000000, 0x0000000714000000|100%| O|  |TAMS 0x0000000714000000, 0x0000000713800000| Untracked 
|  40|0x0000000714000000, 0x0000000714800000, 0x0000000714800000|100%| O|  |TAMS 0x0000000714800000, 0x0000000714000000| Untracked 
|  41|0x0000000714800000, 0x0000000715000000, 0x0000000715000000|100%| O|  |TAMS 0x0000000715000000, 0x0000000714800000| Untracked 
|  42|0x0000000715000000, 0x0000000715800000, 0x0000000715800000|100%| O|  |TAMS 0x0000000715800000, 0x0000000715000000| Untracked 
|  43|0x0000000715800000, 0x0000000716000000, 0x0000000716000000|100%| O|  |TAMS 0x0000000716000000, 0x0000000715800000| Untracked 
|  44|0x0000000716000000, 0x0000000716800000, 0x0000000716800000|100%| O|  |TAMS 0x0000000716800000, 0x0000000716000000| Untracked 
|  45|0x0000000716800000, 0x0000000717000000, 0x0000000717000000|100%| O|  |TAMS 0x0000000717000000, 0x0000000716800000| Untracked 
|  46|0x0000000717000000, 0x0000000717800000, 0x0000000717800000|100%| O|  |TAMS 0x0000000717800000, 0x0000000717000000| Untracked 
|  47|0x0000000717800000, 0x0000000718000000, 0x0000000718000000|100%| O|  |TAMS 0x0000000717800000, 0x0000000717800000| Untracked 
|  48|0x0000000718000000, 0x0000000718800000, 0x0000000718800000|100%| O|  |TAMS 0x0000000718800000, 0x0000000718000000| Untracked 
|  49|0x0000000718800000, 0x0000000719000000, 0x0000000719000000|100%| O|  |TAMS 0x0000000719000000, 0x0000000718800000| Untracked 
|  50|0x0000000719000000, 0x0000000719800000, 0x0000000719800000|100%| O|  |TAMS 0x0000000719800000, 0x0000000719000000| Untracked 
|  51|0x0000000719800000, 0x000000071a000000, 0x000000071a000000|100%| O|  |TAMS 0x000000071a000000, 0x0000000719800000| Complete 
|  52|0x000000071a000000, 0x000000071a800000, 0x000000071a800000|100%| O|  |TAMS 0x000000071a800000, 0x000000071a000000| Untracked 
|  53|0x000000071a800000, 0x000000071b000000, 0x000000071b000000|100%| O|  |TAMS 0x000000071b000000, 0x000000071a800000| Untracked 
|  54|0x000000071b000000, 0x000000071b800000, 0x000000071b800000|100%| O|  |TAMS 0x000000071b800000, 0x000000071b000000| Untracked 
|  55|0x000000071b800000, 0x000000071c000000, 0x000000071c000000|100%| O|  |TAMS 0x000000071c000000, 0x000000071b800000| Untracked 
|  56|0x000000071c000000, 0x000000071c800000, 0x000000071c800000|100%| O|  |TAMS 0x000000071c800000, 0x000000071c000000| Untracked 
|  57|0x000000071c800000, 0x000000071d000000, 0x000000071d000000|100%| O|  |TAMS 0x000000071d000000, 0x000000071c800000| Complete 
|  58|0x000000071d000000, 0x000000071d800000, 0x000000071d800000|100%| O|  |TAMS 0x000000071d800000, 0x000000071d000000| Untracked 
|  59|0x000000071d800000, 0x000000071e000000, 0x000000071e000000|100%| O|  |TAMS 0x000000071e000000, 0x000000071d800000| Untracked 
|  60|0x000000071e000000, 0x000000071e800000, 0x000000071e800000|100%| O|  |TAMS 0x000000071e800000, 0x000000071e000000| Untracked 
|  61|0x000000071e800000, 0x000000071f000000, 0x000000071f000000|100%| O|  |TAMS 0x000000071f000000, 0x000000071e800000| Untracked 
|  62|0x000000071f000000, 0x000000071f800000, 0x000000071f800000|100%| O|  |TAMS 0x000000071f800000, 0x000000071f000000| Untracked 
|  63|0x000000071f800000, 0x0000000720000000, 0x0000000720000000|100%| O|  |TAMS 0x0000000720000000, 0x000000071f800000| Untracked 
|  64|0x0000000720000000, 0x0000000720800000, 0x0000000720800000|100%|HS|  |TAMS 0x0000000720800000, 0x0000000720000000| Complete 
|  65|0x0000000720800000, 0x0000000721000000, 0x0000000721000000|100%|HC|  |TAMS 0x0000000721000000, 0x0000000720800000| Complete 
|  66|0x0000000721000000, 0x0000000721800000, 0x0000000721800000|100%| O|  |TAMS 0x0000000721800000, 0x0000000721000000| Complete 
|  67|0x0000000721800000, 0x0000000722000000, 0x0000000722000000|100%| O|  |TAMS 0x0000000722000000, 0x0000000721800000| Untracked 
|  68|0x0000000722000000, 0x0000000722800000, 0x0000000722800000|100%| O|  |TAMS 0x0000000722800000, 0x0000000722000000| Untracked 
|  69|0x0000000722800000, 0x0000000723000000, 0x0000000723000000|100%| O|  |TAMS 0x0000000723000000, 0x0000000722800000| Complete 
|  70|0x0000000723000000, 0x0000000723800000, 0x0000000723800000|100%| O|  |TAMS 0x0000000723800000, 0x0000000723000000| Complete 
|  71|0x0000000723800000, 0x0000000724000000, 0x0000000724000000|100%| O|  |TAMS 0x0000000724000000, 0x0000000723800000| Complete 
|  72|0x0000000724000000, 0x0000000724800000, 0x0000000724800000|100%| O|  |TAMS 0x0000000724800000, 0x0000000724000000| Untracked 
|  73|0x0000000724800000, 0x0000000725000000, 0x0000000725000000|100%| O|  |TAMS 0x0000000725000000, 0x0000000724800000| Untracked 
|  74|0x0000000725000000, 0x0000000725800000, 0x0000000725800000|100%| O|  |TAMS 0x0000000725800000, 0x0000000725000000| Complete 
|  75|0x0000000725800000, 0x0000000726000000, 0x0000000726000000|100%| O|  |TAMS 0x0000000726000000, 0x0000000725800000| Untracked 
|  76|0x0000000726000000, 0x0000000726800000, 0x0000000726800000|100%| O|  |TAMS 0x0000000726800000, 0x0000000726000000| Untracked 
|  77|0x0000000726800000, 0x0000000727000000, 0x0000000727000000|100%| O|  |TAMS 0x0000000727000000, 0x0000000726800000| Untracked 
|  78|0x0000000727000000, 0x0000000727800000, 0x0000000727800000|100%| O|  |TAMS 0x0000000727800000, 0x0000000727000000| Complete 
|  79|0x0000000727800000, 0x0000000728000000, 0x0000000728000000|100%| O|  |TAMS 0x0000000728000000, 0x0000000727800000| Complete 
|  80|0x0000000728000000, 0x0000000728800000, 0x0000000728800000|100%| O|  |TAMS 0x0000000728800000, 0x0000000728000000| Complete 
|  81|0x0000000728800000, 0x0000000729000000, 0x0000000729000000|100%| O|  |TAMS 0x0000000729000000, 0x0000000728800000| Untracked 
|  82|0x0000000729000000, 0x0000000729800000, 0x0000000729800000|100%| O|  |TAMS 0x0000000729800000, 0x0000000729000000| Complete 
|  83|0x0000000729800000, 0x000000072a000000, 0x000000072a000000|100%| O|  |TAMS 0x000000072a000000, 0x0000000729800000| Complete 
|  84|0x000000072a000000, 0x000000072a800000, 0x000000072a800000|100%| O|  |TAMS 0x000000072a800000, 0x000000072a000000| Untracked 
|  85|0x000000072a800000, 0x000000072b000000, 0x000000072b000000|100%| O|  |TAMS 0x000000072b000000, 0x000000072a800000| Untracked 
|  86|0x000000072b000000, 0x000000072b800000, 0x000000072b800000|100%| O|  |TAMS 0x000000072b800000, 0x000000072b000000| Untracked 
|  87|0x000000072b800000, 0x000000072c000000, 0x000000072c000000|100%| O|  |TAMS 0x000000072c000000, 0x000000072b800000| Untracked 
|  88|0x000000072c000000, 0x000000072c800000, 0x000000072c800000|100%| O|  |TAMS 0x000000072c800000, 0x000000072c000000| Untracked 
|  89|0x000000072c800000, 0x000000072d000000, 0x000000072d000000|100%| O|  |TAMS 0x000000072d000000, 0x000000072c800000| Untracked 
|  90|0x000000072d000000, 0x000000072d800000, 0x000000072d800000|100%| O|  |TAMS 0x000000072d800000, 0x000000072d000000| Untracked 
|  91|0x000000072d800000, 0x000000072e000000, 0x000000072e000000|100%| O|  |TAMS 0x000000072e000000, 0x000000072d800000| Untracked 
|  92|0x000000072e000000, 0x000000072e800000, 0x000000072e800000|100%| O|  |TAMS 0x000000072e800000, 0x000000072e000000| Untracked 
|  93|0x000000072e800000, 0x000000072f000000, 0x000000072f000000|100%| O|  |TAMS 0x000000072f000000, 0x000000072e800000| Complete 
|  94|0x000000072f000000, 0x000000072f800000, 0x000000072f800000|100%| O|  |TAMS 0x000000072f800000, 0x000000072f000000| Untracked 
|  95|0x000000072f800000, 0x0000000730000000, 0x0000000730000000|100%| O|  |TAMS 0x0000000730000000, 0x000000072f800000| Untracked 
|  96|0x0000000730000000, 0x0000000730800000, 0x0000000730800000|100%| O|  |TAMS 0x0000000730800000, 0x0000000730000000| Untracked 
|  97|0x0000000730800000, 0x0000000731000000, 0x0000000731000000|100%| O|  |TAMS 0x0000000731000000, 0x0000000730800000| Untracked 
|  98|0x0000000731000000, 0x0000000731800000, 0x0000000731800000|100%| O|  |TAMS 0x0000000731800000, 0x0000000731000000| Untracked 
|  99|0x0000000731800000, 0x0000000732000000, 0x0000000732000000|100%| O|  |TAMS 0x0000000731f0c000, 0x0000000731800000| Untracked 
| 100|0x0000000732000000, 0x0000000732800000, 0x0000000732800000|100%| O|  |TAMS 0x0000000732000000, 0x0000000732000000| Untracked 
| 101|0x0000000732800000, 0x0000000733000000, 0x0000000733000000|100%| O|  |TAMS 0x0000000732800000, 0x0000000732800000| Untracked 
| 102|0x0000000733000000, 0x0000000733800000, 0x0000000733800000|100%| O|  |TAMS 0x0000000733000000, 0x0000000733000000| Untracked 
| 103|0x0000000733800000, 0x0000000734000000, 0x0000000734000000|100%| O|  |TAMS 0x0000000733800000, 0x0000000733800000| Untracked 
| 104|0x0000000734000000, 0x0000000734800000, 0x0000000734800000|100%| O|  |TAMS 0x0000000734000000, 0x0000000734000000| Untracked 
| 105|0x0000000734800000, 0x0000000735000000, 0x0000000735000000|100%| O|  |TAMS 0x0000000734800000, 0x0000000734800000| Untracked 
| 106|0x0000000735000000, 0x0000000735800000, 0x0000000735800000|100%| O|  |TAMS 0x0000000735000000, 0x0000000735000000| Untracked 
| 107|0x0000000735800000, 0x0000000736000000, 0x0000000736000000|100%| O|  |TAMS 0x0000000735800000, 0x0000000735800000| Untracked 
| 108|0x0000000736000000, 0x0000000736800000, 0x0000000736800000|100%| O|  |TAMS 0x0000000736000000, 0x0000000736000000| Untracked 
| 109|0x0000000736800000, 0x0000000737000000, 0x0000000737000000|100%| O|  |TAMS 0x0000000736800000, 0x0000000736800000| Untracked 
| 110|0x0000000737000000, 0x0000000737800000, 0x0000000737800000|100%| O|  |TAMS 0x0000000737000000, 0x0000000737000000| Untracked 
| 111|0x0000000737800000, 0x0000000738000000, 0x0000000738000000|100%| O|  |TAMS 0x0000000737800000, 0x0000000737800000| Untracked 
| 112|0x0000000738000000, 0x0000000738800000, 0x0000000738800000|100%| O|  |TAMS 0x0000000738000000, 0x0000000738000000| Untracked 
| 113|0x0000000738800000, 0x0000000739000000, 0x0000000739000000|100%| O|  |TAMS 0x0000000738800000, 0x0000000738800000| Untracked 
| 114|0x0000000739000000, 0x0000000739800000, 0x0000000739800000|100%| O|  |TAMS 0x0000000739000000, 0x0000000739000000| Untracked 
| 115|0x0000000739800000, 0x000000073a000000, 0x000000073a000000|100%| O|  |TAMS 0x0000000739800000, 0x0000000739800000| Untracked 
| 116|0x000000073a000000, 0x000000073a800000, 0x000000073a800000|100%| O|  |TAMS 0x000000073a000000, 0x000000073a000000| Untracked 
| 117|0x000000073a800000, 0x000000073ac4d800, 0x000000073b000000| 53%| O|  |TAMS 0x000000073a800000, 0x000000073a800000| Untracked 
| 118|0x000000073b000000, 0x000000073b000000, 0x000000073b800000|  0%| F|  |TAMS 0x000000073b000000, 0x000000073b000000| Untracked 
| 119|0x000000073b800000, 0x000000073b800000, 0x000000073c000000|  0%| F|  |TAMS 0x000000073b800000, 0x000000073b800000| Untracked 
| 120|0x000000073c000000, 0x000000073c000000, 0x000000073c800000|  0%| F|  |TAMS 0x000000073c000000, 0x000000073c000000| Untracked 
| 121|0x000000073c800000, 0x000000073c800000, 0x000000073d000000|  0%| F|  |TAMS 0x000000073c800000, 0x000000073c800000| Untracked 
| 122|0x000000073d000000, 0x000000073d000000, 0x000000073d800000|  0%| F|  |TAMS 0x000000073d000000, 0x000000073d000000| Untracked 
| 123|0x000000073d800000, 0x000000073d800000, 0x000000073e000000|  0%| F|  |TAMS 0x000000073d800000, 0x000000073d800000| Untracked 
| 124|0x000000073e000000, 0x000000073e000000, 0x000000073e800000|  0%| F|  |TAMS 0x000000073e000000, 0x000000073e000000| Untracked 
| 125|0x000000073e800000, 0x000000073e800000, 0x000000073f000000|  0%| F|  |TAMS 0x000000073e800000, 0x000000073e800000| Untracked 
| 126|0x000000073f000000, 0x000000073f000000, 0x000000073f800000|  0%| F|  |TAMS 0x000000073f000000, 0x000000073f000000| Untracked 
| 127|0x000000073f800000, 0x000000073f800000, 0x0000000740000000|  0%| F|  |TAMS 0x000000073f800000, 0x000000073f800000| Untracked 
| 128|0x0000000740000000, 0x0000000740000000, 0x0000000740800000|  0%| F|  |TAMS 0x0000000740000000, 0x0000000740000000| Untracked 
| 129|0x0000000740800000, 0x0000000740800000, 0x0000000741000000|  0%| F|  |TAMS 0x0000000740800000, 0x0000000740800000| Untracked 
| 130|0x0000000741000000, 0x0000000741000000, 0x0000000741800000|  0%| F|  |TAMS 0x0000000741000000, 0x0000000741000000| Untracked 
| 131|0x0000000741800000, 0x0000000741800000, 0x0000000742000000|  0%| F|  |TAMS 0x0000000741800000, 0x0000000741800000| Untracked 
| 132|0x0000000742000000, 0x0000000742000000, 0x0000000742800000|  0%| F|  |TAMS 0x0000000742000000, 0x0000000742000000| Untracked 
| 133|0x0000000742800000, 0x0000000742800000, 0x0000000743000000|  0%| F|  |TAMS 0x0000000742800000, 0x0000000742800000| Untracked 
| 134|0x0000000743000000, 0x0000000743000000, 0x0000000743800000|  0%| F|  |TAMS 0x0000000743000000, 0x0000000743000000| Untracked 
| 135|0x0000000743800000, 0x0000000743800000, 0x0000000744000000|  0%| F|  |TAMS 0x0000000743800000, 0x0000000743800000| Untracked 
| 136|0x0000000744000000, 0x0000000744000000, 0x0000000744800000|  0%| F|  |TAMS 0x0000000744000000, 0x0000000744000000| Untracked 
| 137|0x0000000744800000, 0x0000000744800000, 0x0000000745000000|  0%| F|  |TAMS 0x0000000744800000, 0x0000000744800000| Untracked 
| 138|0x0000000745000000, 0x0000000745000000, 0x0000000745800000|  0%| F|  |TAMS 0x0000000745000000, 0x0000000745000000| Untracked 
| 139|0x0000000745800000, 0x0000000745800000, 0x0000000746000000|  0%| F|  |TAMS 0x0000000745800000, 0x0000000745800000| Untracked 
| 140|0x0000000746000000, 0x0000000746000000, 0x0000000746800000|  0%| F|  |TAMS 0x0000000746000000, 0x0000000746000000| Untracked 
| 141|0x0000000746800000, 0x0000000746800000, 0x0000000747000000|  0%| F|  |TAMS 0x0000000746800000, 0x0000000746800000| Untracked 
| 142|0x0000000747000000, 0x0000000747000000, 0x0000000747800000|  0%| F|  |TAMS 0x0000000747000000, 0x0000000747000000| Untracked 
| 143|0x0000000747800000, 0x0000000747800000, 0x0000000748000000|  0%| F|  |TAMS 0x0000000747800000, 0x0000000747800000| Untracked 
| 144|0x0000000748000000, 0x0000000748000000, 0x0000000748800000|  0%| F|  |TAMS 0x0000000748000000, 0x0000000748000000| Untracked 
| 145|0x0000000748800000, 0x0000000748800000, 0x0000000749000000|  0%| F|  |TAMS 0x0000000748800000, 0x0000000748800000| Untracked 
| 146|0x0000000749000000, 0x0000000749000000, 0x0000000749800000|  0%| F|  |TAMS 0x0000000749000000, 0x0000000749000000| Untracked 
| 147|0x0000000749800000, 0x0000000749800000, 0x000000074a000000|  0%| F|  |TAMS 0x0000000749800000, 0x0000000749800000| Untracked 
| 148|0x000000074a000000, 0x000000074a000000, 0x000000074a800000|  0%| F|  |TAMS 0x000000074a000000, 0x000000074a000000| Untracked 
| 149|0x000000074a800000, 0x000000074a800000, 0x000000074b000000|  0%| F|  |TAMS 0x000000074a800000, 0x000000074a800000| Untracked 
| 150|0x000000074b000000, 0x000000074b000000, 0x000000074b800000|  0%| F|  |TAMS 0x000000074b000000, 0x000000074b000000| Untracked 
| 151|0x000000074b800000, 0x000000074b800000, 0x000000074c000000|  0%| F|  |TAMS 0x000000074b800000, 0x000000074b800000| Untracked 
| 152|0x000000074c000000, 0x000000074c000000, 0x000000074c800000|  0%| F|  |TAMS 0x000000074c000000, 0x000000074c000000| Untracked 
| 153|0x000000074c800000, 0x000000074c800000, 0x000000074d000000|  0%| F|  |TAMS 0x000000074c800000, 0x000000074c800000| Untracked 
| 154|0x000000074d000000, 0x000000074d000000, 0x000000074d800000|  0%| F|  |TAMS 0x000000074d000000, 0x000000074d000000| Untracked 
| 155|0x000000074d800000, 0x000000074d800000, 0x000000074e000000|  0%| F|  |TAMS 0x000000074d800000, 0x000000074d800000| Untracked 
| 156|0x000000074e000000, 0x000000074e000000, 0x000000074e800000|  0%| F|  |TAMS 0x000000074e000000, 0x000000074e000000| Untracked 
| 157|0x000000074e800000, 0x000000074e800000, 0x000000074f000000|  0%| F|  |TAMS 0x000000074e800000, 0x000000074e800000| Untracked 
| 158|0x000000074f000000, 0x000000074f000000, 0x000000074f800000|  0%| F|  |TAMS 0x000000074f000000, 0x000000074f000000| Untracked 
| 159|0x000000074f800000, 0x000000074f800000, 0x0000000750000000|  0%| F|  |TAMS 0x000000074f800000, 0x000000074f800000| Untracked 
| 160|0x0000000750000000, 0x0000000750000000, 0x0000000750800000|  0%| F|  |TAMS 0x0000000750000000, 0x0000000750000000| Untracked 
| 161|0x0000000750800000, 0x0000000750800000, 0x0000000751000000|  0%| F|  |TAMS 0x0000000750800000, 0x0000000750800000| Untracked 
| 162|0x0000000751000000, 0x0000000751000000, 0x0000000751800000|  0%| F|  |TAMS 0x0000000751000000, 0x0000000751000000| Untracked 
| 163|0x0000000751800000, 0x0000000751800000, 0x0000000752000000|  0%| F|  |TAMS 0x0000000751800000, 0x0000000751800000| Untracked 
| 164|0x0000000752000000, 0x0000000752000000, 0x0000000752800000|  0%| F|  |TAMS 0x0000000752000000, 0x0000000752000000| Untracked 
| 165|0x0000000752800000, 0x0000000752800000, 0x0000000753000000|  0%| F|  |TAMS 0x0000000752800000, 0x0000000752800000| Untracked 
| 166|0x0000000753000000, 0x0000000753000000, 0x0000000753800000|  0%| F|  |TAMS 0x0000000753000000, 0x0000000753000000| Untracked 
| 167|0x0000000753800000, 0x0000000753800000, 0x0000000754000000|  0%| F|  |TAMS 0x0000000753800000, 0x0000000753800000| Untracked 
| 168|0x0000000754000000, 0x0000000754000000, 0x0000000754800000|  0%| F|  |TAMS 0x0000000754000000, 0x0000000754000000| Untracked 
| 169|0x0000000754800000, 0x0000000754800000, 0x0000000755000000|  0%| F|  |TAMS 0x0000000754800000, 0x0000000754800000| Untracked 
| 170|0x0000000755000000, 0x0000000755000000, 0x0000000755800000|  0%| F|  |TAMS 0x0000000755000000, 0x0000000755000000| Untracked 
| 171|0x0000000755800000, 0x0000000755800000, 0x0000000756000000|  0%| F|  |TAMS 0x0000000755800000, 0x0000000755800000| Untracked 
| 172|0x0000000756000000, 0x0000000756000000, 0x0000000756800000|  0%| F|  |TAMS 0x0000000756000000, 0x0000000756000000| Untracked 
| 173|0x0000000756800000, 0x0000000756800000, 0x0000000757000000|  0%| F|  |TAMS 0x0000000756800000, 0x0000000756800000| Untracked 
| 174|0x0000000757000000, 0x0000000757000000, 0x0000000757800000|  0%| F|  |TAMS 0x0000000757000000, 0x0000000757000000| Untracked 
| 175|0x0000000757800000, 0x0000000757800000, 0x0000000758000000|  0%| F|  |TAMS 0x0000000757800000, 0x0000000757800000| Untracked 
| 176|0x0000000758000000, 0x0000000758000000, 0x0000000758800000|  0%| F|  |TAMS 0x0000000758000000, 0x0000000758000000| Untracked 
| 177|0x0000000758800000, 0x0000000758800000, 0x0000000759000000|  0%| F|  |TAMS 0x0000000758800000, 0x0000000758800000| Untracked 
| 178|0x0000000759000000, 0x0000000759000000, 0x0000000759800000|  0%| F|  |TAMS 0x0000000759000000, 0x0000000759000000| Untracked 
| 179|0x0000000759800000, 0x0000000759800000, 0x000000075a000000|  0%| F|  |TAMS 0x0000000759800000, 0x0000000759800000| Untracked 
| 180|0x000000075a000000, 0x000000075a000000, 0x000000075a800000|  0%| F|  |TAMS 0x000000075a000000, 0x000000075a000000| Untracked 
| 181|0x000000075a800000, 0x000000075a800000, 0x000000075b000000|  0%| F|  |TAMS 0x000000075a800000, 0x000000075a800000| Untracked 
| 182|0x000000075b000000, 0x000000075b000000, 0x000000075b800000|  0%| F|  |TAMS 0x000000075b000000, 0x000000075b000000| Untracked 
| 183|0x000000075b800000, 0x000000075b800000, 0x000000075c000000|  0%| F|  |TAMS 0x000000075b800000, 0x000000075b800000| Untracked 
| 184|0x000000075c000000, 0x000000075c000000, 0x000000075c800000|  0%| F|  |TAMS 0x000000075c000000, 0x000000075c000000| Untracked 
| 185|0x000000075c800000, 0x000000075c800000, 0x000000075d000000|  0%| F|  |TAMS 0x000000075c800000, 0x000000075c800000| Untracked 
| 186|0x000000075d000000, 0x000000075d000000, 0x000000075d800000|  0%| F|  |TAMS 0x000000075d000000, 0x000000075d000000| Untracked 
| 187|0x000000075d800000, 0x000000075d800000, 0x000000075e000000|  0%| F|  |TAMS 0x000000075d800000, 0x000000075d800000| Untracked 
| 188|0x000000075e000000, 0x000000075e000000, 0x000000075e800000|  0%| F|  |TAMS 0x000000075e000000, 0x000000075e000000| Untracked 
| 189|0x000000075e800000, 0x000000075e800000, 0x000000075f000000|  0%| F|  |TAMS 0x000000075e800000, 0x000000075e800000| Untracked 
| 190|0x000000075f000000, 0x000000075f000000, 0x000000075f800000|  0%| F|  |TAMS 0x000000075f000000, 0x000000075f000000| Untracked 
| 191|0x000000075f800000, 0x000000075f800000, 0x0000000760000000|  0%| F|  |TAMS 0x000000075f800000, 0x000000075f800000| Untracked 
| 192|0x0000000760000000, 0x0000000760000000, 0x0000000760800000|  0%| F|  |TAMS 0x0000000760000000, 0x0000000760000000| Untracked 
| 193|0x0000000760800000, 0x0000000760800000, 0x0000000761000000|  0%| F|  |TAMS 0x0000000760800000, 0x0000000760800000| Untracked 
| 194|0x0000000761000000, 0x0000000761000000, 0x0000000761800000|  0%| F|  |TAMS 0x0000000761000000, 0x0000000761000000| Untracked 
| 195|0x0000000761800000, 0x0000000761800000, 0x0000000762000000|  0%| F|  |TAMS 0x0000000761800000, 0x0000000761800000| Untracked 
| 196|0x0000000762000000, 0x0000000762000000, 0x0000000762800000|  0%| F|  |TAMS 0x0000000762000000, 0x0000000762000000| Untracked 
| 197|0x0000000762800000, 0x0000000762800000, 0x0000000763000000|  0%| F|  |TAMS 0x0000000762800000, 0x0000000762800000| Untracked 
| 198|0x0000000763000000, 0x0000000763000000, 0x0000000763800000|  0%| F|  |TAMS 0x0000000763000000, 0x0000000763000000| Untracked 
| 199|0x0000000763800000, 0x0000000763800000, 0x0000000764000000|  0%| F|  |TAMS 0x0000000763800000, 0x0000000763800000| Untracked 
| 200|0x0000000764000000, 0x0000000764000000, 0x0000000764800000|  0%| F|  |TAMS 0x0000000764000000, 0x0000000764000000| Untracked 
| 201|0x0000000764800000, 0x0000000764800000, 0x0000000765000000|  0%| F|  |TAMS 0x0000000764800000, 0x0000000764800000| Untracked 
| 202|0x0000000765000000, 0x0000000765000000, 0x0000000765800000|  0%| F|  |TAMS 0x0000000765000000, 0x0000000765000000| Untracked 
| 203|0x0000000765800000, 0x0000000765800000, 0x0000000766000000|  0%| F|  |TAMS 0x0000000765800000, 0x0000000765800000| Untracked 
| 204|0x0000000766000000, 0x0000000766000000, 0x0000000766800000|  0%| F|  |TAMS 0x0000000766000000, 0x0000000766000000| Untracked 
| 205|0x0000000766800000, 0x0000000766800000, 0x0000000767000000|  0%| F|  |TAMS 0x0000000766800000, 0x0000000766800000| Untracked 
| 206|0x0000000767000000, 0x0000000767000000, 0x0000000767800000|  0%| F|  |TAMS 0x0000000767000000, 0x0000000767000000| Untracked 
| 207|0x0000000767800000, 0x0000000767800000, 0x0000000768000000|  0%| F|  |TAMS 0x0000000767800000, 0x0000000767800000| Untracked 
| 208|0x0000000768000000, 0x0000000768000000, 0x0000000768800000|  0%| F|  |TAMS 0x0000000768000000, 0x0000000768000000| Untracked 
| 209|0x0000000768800000, 0x0000000768800000, 0x0000000769000000|  0%| F|  |TAMS 0x0000000768800000, 0x0000000768800000| Untracked 
| 210|0x0000000769000000, 0x0000000769000000, 0x0000000769800000|  0%| F|  |TAMS 0x0000000769000000, 0x0000000769000000| Untracked 
| 211|0x0000000769800000, 0x0000000769800000, 0x000000076a000000|  0%| F|  |TAMS 0x0000000769800000, 0x0000000769800000| Untracked 
| 212|0x000000076a000000, 0x000000076a000000, 0x000000076a800000|  0%| F|  |TAMS 0x000000076a000000, 0x000000076a000000| Untracked 
| 213|0x000000076a800000, 0x000000076a800000, 0x000000076b000000|  0%| F|  |TAMS 0x000000076a800000, 0x000000076a800000| Untracked 
| 214|0x000000076b000000, 0x000000076b000000, 0x000000076b800000|  0%| F|  |TAMS 0x000000076b000000, 0x000000076b000000| Untracked 
| 215|0x000000076b800000, 0x000000076b800000, 0x000000076c000000|  0%| F|  |TAMS 0x000000076b800000, 0x000000076b800000| Untracked 
| 216|0x000000076c000000, 0x000000076c000000, 0x000000076c800000|  0%| F|  |TAMS 0x000000076c000000, 0x000000076c000000| Untracked 
| 217|0x000000076c800000, 0x000000076c800000, 0x000000076d000000|  0%| F|  |TAMS 0x000000076c800000, 0x000000076c800000| Untracked 
| 218|0x000000076d000000, 0x000000076d000000, 0x000000076d800000|  0%| F|  |TAMS 0x000000076d000000, 0x000000076d000000| Untracked 
| 219|0x000000076d800000, 0x000000076d800000, 0x000000076e000000|  0%| F|  |TAMS 0x000000076d800000, 0x000000076d800000| Untracked 
| 220|0x000000076e000000, 0x000000076e000000, 0x000000076e800000|  0%| F|  |TAMS 0x000000076e000000, 0x000000076e000000| Untracked 
| 221|0x000000076e800000, 0x000000076e800000, 0x000000076f000000|  0%| F|  |TAMS 0x000000076e800000, 0x000000076e800000| Untracked 
| 222|0x000000076f000000, 0x000000076f000000, 0x000000076f800000|  0%| F|  |TAMS 0x000000076f000000, 0x000000076f000000| Untracked 
| 223|0x000000076f800000, 0x000000076f800000, 0x0000000770000000|  0%| F|  |TAMS 0x000000076f800000, 0x000000076f800000| Untracked 
| 224|0x0000000770000000, 0x0000000770000000, 0x0000000770800000|  0%| F|  |TAMS 0x0000000770000000, 0x0000000770000000| Untracked 
| 225|0x0000000770800000, 0x0000000770800000, 0x0000000771000000|  0%| F|  |TAMS 0x0000000770800000, 0x0000000770800000| Untracked 
| 226|0x0000000771000000, 0x0000000771000000, 0x0000000771800000|  0%| F|  |TAMS 0x0000000771000000, 0x0000000771000000| Untracked 
| 227|0x0000000771800000, 0x0000000771800000, 0x0000000772000000|  0%| F|  |TAMS 0x0000000771800000, 0x0000000771800000| Untracked 
| 228|0x0000000772000000, 0x0000000772000000, 0x0000000772800000|  0%| F|  |TAMS 0x0000000772000000, 0x0000000772000000| Untracked 
| 229|0x0000000772800000, 0x0000000772800000, 0x0000000773000000|  0%| F|  |TAMS 0x0000000772800000, 0x0000000772800000| Untracked 
| 230|0x0000000773000000, 0x0000000773000000, 0x0000000773800000|  0%| F|  |TAMS 0x0000000773000000, 0x0000000773000000| Untracked 
| 231|0x0000000773800000, 0x0000000773800000, 0x0000000774000000|  0%| F|  |TAMS 0x0000000773800000, 0x0000000773800000| Untracked 
| 232|0x0000000774000000, 0x0000000774000000, 0x0000000774800000|  0%| F|  |TAMS 0x0000000774000000, 0x0000000774000000| Untracked 
| 233|0x0000000774800000, 0x0000000774800000, 0x0000000775000000|  0%| F|  |TAMS 0x0000000774800000, 0x0000000774800000| Untracked 
| 234|0x0000000775000000, 0x0000000775000000, 0x0000000775800000|  0%| F|  |TAMS 0x0000000775000000, 0x0000000775000000| Untracked 
| 235|0x0000000775800000, 0x0000000775800000, 0x0000000776000000|  0%| F|  |TAMS 0x0000000775800000, 0x0000000775800000| Untracked 
| 236|0x0000000776000000, 0x0000000776000000, 0x0000000776800000|  0%| F|  |TAMS 0x0000000776000000, 0x0000000776000000| Untracked 
| 237|0x0000000776800000, 0x0000000776800000, 0x0000000777000000|  0%| F|  |TAMS 0x0000000776800000, 0x0000000776800000| Untracked 
| 238|0x0000000777000000, 0x0000000777000000, 0x0000000777800000|  0%| F|  |TAMS 0x0000000777000000, 0x0000000777000000| Untracked 
| 239|0x0000000777800000, 0x0000000777800000, 0x0000000778000000|  0%| F|  |TAMS 0x0000000777800000, 0x0000000777800000| Untracked 
| 240|0x0000000778000000, 0x0000000778000000, 0x0000000778800000|  0%| F|  |TAMS 0x0000000778000000, 0x0000000778000000| Untracked 
| 241|0x0000000778800000, 0x0000000778800000, 0x0000000779000000|  0%| F|  |TAMS 0x0000000778800000, 0x0000000778800000| Untracked 
| 242|0x0000000779000000, 0x0000000779000000, 0x0000000779800000|  0%| F|  |TAMS 0x0000000779000000, 0x0000000779000000| Untracked 
| 243|0x0000000779800000, 0x0000000779800000, 0x000000077a000000|  0%| F|  |TAMS 0x0000000779800000, 0x0000000779800000| Untracked 
| 244|0x000000077a000000, 0x000000077a000000, 0x000000077a800000|  0%| F|  |TAMS 0x000000077a000000, 0x000000077a000000| Untracked 
| 245|0x000000077a800000, 0x000000077a800000, 0x000000077b000000|  0%| F|  |TAMS 0x000000077a800000, 0x000000077a800000| Untracked 
| 246|0x000000077b000000, 0x000000077b000000, 0x000000077b800000|  0%| F|  |TAMS 0x000000077b000000, 0x000000077b000000| Untracked 
| 247|0x000000077b800000, 0x000000077b800000, 0x000000077c000000|  0%| F|  |TAMS 0x000000077b800000, 0x000000077b800000| Untracked 
| 248|0x000000077c000000, 0x000000077c000000, 0x000000077c800000|  0%| F|  |TAMS 0x000000077c000000, 0x000000077c000000| Untracked 
| 249|0x000000077c800000, 0x000000077c800000, 0x000000077d000000|  0%| F|  |TAMS 0x000000077c800000, 0x000000077c800000| Untracked 
| 250|0x000000077d000000, 0x000000077d000000, 0x000000077d800000|  0%| F|  |TAMS 0x000000077d000000, 0x000000077d000000| Untracked 
| 251|0x000000077d800000, 0x000000077d800000, 0x000000077e000000|  0%| F|  |TAMS 0x000000077d800000, 0x000000077d800000| Untracked 
| 252|0x000000077e000000, 0x000000077e000000, 0x000000077e800000|  0%| F|  |TAMS 0x000000077e000000, 0x000000077e000000| Untracked 
| 253|0x000000077e800000, 0x000000077e800000, 0x000000077f000000|  0%| F|  |TAMS 0x000000077e800000, 0x000000077e800000| Untracked 
| 254|0x000000077f000000, 0x000000077f000000, 0x000000077f800000|  0%| F|  |TAMS 0x000000077f000000, 0x000000077f000000| Untracked 
| 255|0x000000077f800000, 0x000000077f800000, 0x0000000780000000|  0%| F|  |TAMS 0x000000077f800000, 0x000000077f800000| Untracked 
| 256|0x0000000780000000, 0x0000000780000000, 0x0000000780800000|  0%| F|  |TAMS 0x0000000780000000, 0x0000000780000000| Untracked 
| 257|0x0000000780800000, 0x0000000780800000, 0x0000000781000000|  0%| F|  |TAMS 0x0000000780800000, 0x0000000780800000| Untracked 
| 258|0x0000000781000000, 0x0000000781000000, 0x0000000781800000|  0%| F|  |TAMS 0x0000000781000000, 0x0000000781000000| Untracked 
| 259|0x0000000781800000, 0x0000000781800000, 0x0000000782000000|  0%| F|  |TAMS 0x0000000781800000, 0x0000000781800000| Untracked 
| 260|0x0000000782000000, 0x0000000782000000, 0x0000000782800000|  0%| F|  |TAMS 0x0000000782000000, 0x0000000782000000| Untracked 
| 261|0x0000000782800000, 0x0000000782800000, 0x0000000783000000|  0%| F|  |TAMS 0x0000000782800000, 0x0000000782800000| Untracked 
| 262|0x0000000783000000, 0x0000000783000000, 0x0000000783800000|  0%| F|  |TAMS 0x0000000783000000, 0x0000000783000000| Untracked 
| 263|0x0000000783800000, 0x0000000783800000, 0x0000000784000000|  0%| F|  |TAMS 0x0000000783800000, 0x0000000783800000| Untracked 
| 264|0x0000000784000000, 0x0000000784000000, 0x0000000784800000|  0%| F|  |TAMS 0x0000000784000000, 0x0000000784000000| Untracked 
| 265|0x0000000784800000, 0x0000000784800000, 0x0000000785000000|  0%| F|  |TAMS 0x0000000784800000, 0x0000000784800000| Untracked 
| 266|0x0000000785000000, 0x0000000785000000, 0x0000000785800000|  0%| F|  |TAMS 0x0000000785000000, 0x0000000785000000| Untracked 
| 267|0x0000000785800000, 0x0000000785800000, 0x0000000786000000|  0%| F|  |TAMS 0x0000000785800000, 0x0000000785800000| Untracked 
| 268|0x0000000786000000, 0x0000000786000000, 0x0000000786800000|  0%| F|  |TAMS 0x0000000786000000, 0x0000000786000000| Untracked 
| 269|0x0000000786800000, 0x0000000786800000, 0x0000000787000000|  0%| F|  |TAMS 0x0000000786800000, 0x0000000786800000| Untracked 
| 270|0x0000000787000000, 0x0000000787000000, 0x0000000787800000|  0%| F|  |TAMS 0x0000000787000000, 0x0000000787000000| Untracked 
| 271|0x0000000787800000, 0x0000000787800000, 0x0000000788000000|  0%| F|  |TAMS 0x0000000787800000, 0x0000000787800000| Untracked 
| 272|0x0000000788000000, 0x0000000788000000, 0x0000000788800000|  0%| F|  |TAMS 0x0000000788000000, 0x0000000788000000| Untracked 
| 273|0x0000000788800000, 0x0000000788800000, 0x0000000789000000|  0%| F|  |TAMS 0x0000000788800000, 0x0000000788800000| Untracked 
| 274|0x0000000789000000, 0x0000000789000000, 0x0000000789800000|  0%| F|  |TAMS 0x0000000789000000, 0x0000000789000000| Untracked 
| 275|0x0000000789800000, 0x0000000789800000, 0x000000078a000000|  0%| F|  |TAMS 0x0000000789800000, 0x0000000789800000| Untracked 
| 276|0x000000078a000000, 0x000000078a000000, 0x000000078a800000|  0%| F|  |TAMS 0x000000078a000000, 0x000000078a000000| Untracked 
| 277|0x000000078a800000, 0x000000078a800000, 0x000000078b000000|  0%| F|  |TAMS 0x000000078a800000, 0x000000078a800000| Untracked 
| 278|0x000000078b000000, 0x000000078b000000, 0x000000078b800000|  0%| F|  |TAMS 0x000000078b000000, 0x000000078b000000| Untracked 
| 279|0x000000078b800000, 0x000000078b800000, 0x000000078c000000|  0%| F|  |TAMS 0x000000078b800000, 0x000000078b800000| Untracked 
| 280|0x000000078c000000, 0x000000078c000000, 0x000000078c800000|  0%| F|  |TAMS 0x000000078c000000, 0x000000078c000000| Untracked 
| 281|0x000000078c800000, 0x000000078c800000, 0x000000078d000000|  0%| F|  |TAMS 0x000000078c800000, 0x000000078c800000| Untracked 
| 282|0x000000078d000000, 0x000000078d000000, 0x000000078d800000|  0%| F|  |TAMS 0x000000078d000000, 0x000000078d000000| Untracked 
| 283|0x000000078d800000, 0x000000078d800000, 0x000000078e000000|  0%| F|  |TAMS 0x000000078d800000, 0x000000078d800000| Untracked 
| 284|0x000000078e000000, 0x000000078e000000, 0x000000078e800000|  0%| F|  |TAMS 0x000000078e000000, 0x000000078e000000| Untracked 
| 285|0x000000078e800000, 0x000000078e800000, 0x000000078f000000|  0%| F|  |TAMS 0x000000078e800000, 0x000000078e800000| Untracked 
| 286|0x000000078f000000, 0x000000078f000000, 0x000000078f800000|  0%| F|  |TAMS 0x000000078f000000, 0x000000078f000000| Untracked 
| 287|0x000000078f800000, 0x000000078f800000, 0x0000000790000000|  0%| F|  |TAMS 0x000000078f800000, 0x000000078f800000| Untracked 
| 288|0x0000000790000000, 0x0000000790000000, 0x0000000790800000|  0%| F|  |TAMS 0x0000000790000000, 0x0000000790000000| Untracked 
| 289|0x0000000790800000, 0x0000000790800000, 0x0000000791000000|  0%| F|  |TAMS 0x0000000790800000, 0x0000000790800000| Untracked 
| 290|0x0000000791000000, 0x0000000791000000, 0x0000000791800000|  0%| F|  |TAMS 0x0000000791000000, 0x0000000791000000| Untracked 
| 291|0x0000000791800000, 0x0000000791800000, 0x0000000792000000|  0%| F|  |TAMS 0x0000000791800000, 0x0000000791800000| Untracked 
| 292|0x0000000792000000, 0x0000000792000000, 0x0000000792800000|  0%| F|  |TAMS 0x0000000792000000, 0x0000000792000000| Untracked 
| 293|0x0000000792800000, 0x0000000792800000, 0x0000000793000000|  0%| F|  |TAMS 0x0000000792800000, 0x0000000792800000| Untracked 
| 294|0x0000000793000000, 0x0000000793000000, 0x0000000793800000|  0%| F|  |TAMS 0x0000000793000000, 0x0000000793000000| Untracked 
| 295|0x0000000793800000, 0x0000000793800000, 0x0000000794000000|  0%| F|  |TAMS 0x0000000793800000, 0x0000000793800000| Untracked 
| 296|0x0000000794000000, 0x0000000794000000, 0x0000000794800000|  0%| F|  |TAMS 0x0000000794000000, 0x0000000794000000| Untracked 
| 297|0x0000000794800000, 0x0000000794800000, 0x0000000795000000|  0%| F|  |TAMS 0x0000000794800000, 0x0000000794800000| Untracked 
| 298|0x0000000795000000, 0x0000000795000000, 0x0000000795800000|  0%| F|  |TAMS 0x0000000795000000, 0x0000000795000000| Untracked 
| 299|0x0000000795800000, 0x0000000795800000, 0x0000000796000000|  0%| F|  |TAMS 0x0000000795800000, 0x0000000795800000| Untracked 
| 300|0x0000000796000000, 0x0000000796000000, 0x0000000796800000|  0%| F|  |TAMS 0x0000000796000000, 0x0000000796000000| Untracked 
| 301|0x0000000796800000, 0x0000000796800000, 0x0000000797000000|  0%| F|  |TAMS 0x0000000796800000, 0x0000000796800000| Untracked 
| 302|0x0000000797000000, 0x0000000797000000, 0x0000000797800000|  0%| F|  |TAMS 0x0000000797000000, 0x0000000797000000| Untracked 
| 303|0x0000000797800000, 0x0000000797800000, 0x0000000798000000|  0%| F|  |TAMS 0x0000000797800000, 0x0000000797800000| Untracked 
| 304|0x0000000798000000, 0x0000000798000000, 0x0000000798800000|  0%| F|  |TAMS 0x0000000798000000, 0x0000000798000000| Untracked 
| 305|0x0000000798800000, 0x0000000798800000, 0x0000000799000000|  0%| F|  |TAMS 0x0000000798800000, 0x0000000798800000| Untracked 
| 306|0x0000000799000000, 0x0000000799000000, 0x0000000799800000|  0%| F|  |TAMS 0x0000000799000000, 0x0000000799000000| Untracked 
| 307|0x0000000799800000, 0x0000000799800000, 0x000000079a000000|  0%| F|  |TAMS 0x0000000799800000, 0x0000000799800000| Untracked 
| 308|0x000000079a000000, 0x000000079a000000, 0x000000079a800000|  0%| F|  |TAMS 0x000000079a000000, 0x000000079a000000| Untracked 
| 309|0x000000079a800000, 0x000000079a800000, 0x000000079b000000|  0%| F|  |TAMS 0x000000079a800000, 0x000000079a800000| Untracked 
| 310|0x000000079b000000, 0x000000079b000000, 0x000000079b800000|  0%| F|  |TAMS 0x000000079b000000, 0x000000079b000000| Untracked 
| 311|0x000000079b800000, 0x000000079b800000, 0x000000079c000000|  0%| F|  |TAMS 0x000000079b800000, 0x000000079b800000| Untracked 
| 312|0x000000079c000000, 0x000000079c000000, 0x000000079c800000|  0%| F|  |TAMS 0x000000079c000000, 0x000000079c000000| Untracked 
| 313|0x000000079c800000, 0x000000079c800000, 0x000000079d000000|  0%| F|  |TAMS 0x000000079c800000, 0x000000079c800000| Untracked 
| 314|0x000000079d000000, 0x000000079d000000, 0x000000079d800000|  0%| F|  |TAMS 0x000000079d000000, 0x000000079d000000| Untracked 
| 315|0x000000079d800000, 0x000000079d800000, 0x000000079e000000|  0%| F|  |TAMS 0x000000079d800000, 0x000000079d800000| Untracked 
| 316|0x000000079e000000, 0x000000079e000000, 0x000000079e800000|  0%| F|  |TAMS 0x000000079e000000, 0x000000079e000000| Untracked 
| 317|0x000000079e800000, 0x000000079e800000, 0x000000079f000000|  0%| F|  |TAMS 0x000000079e800000, 0x000000079e800000| Untracked 
| 318|0x000000079f000000, 0x000000079f000000, 0x000000079f800000|  0%| F|  |TAMS 0x000000079f000000, 0x000000079f000000| Untracked 
| 319|0x000000079f800000, 0x000000079f800000, 0x00000007a0000000|  0%| F|  |TAMS 0x000000079f800000, 0x000000079f800000| Untracked 
| 320|0x00000007a0000000, 0x00000007a0000000, 0x00000007a0800000|  0%| F|  |TAMS 0x00000007a0000000, 0x00000007a0000000| Untracked 
| 321|0x00000007a0800000, 0x00000007a0800000, 0x00000007a1000000|  0%| F|  |TAMS 0x00000007a0800000, 0x00000007a0800000| Untracked 
| 322|0x00000007a1000000, 0x00000007a1000000, 0x00000007a1800000|  0%| F|  |TAMS 0x00000007a1000000, 0x00000007a1000000| Untracked 
| 323|0x00000007a1800000, 0x00000007a1800000, 0x00000007a2000000|  0%| F|  |TAMS 0x00000007a1800000, 0x00000007a1800000| Untracked 
| 324|0x00000007a2000000, 0x00000007a2000000, 0x00000007a2800000|  0%| F|  |TAMS 0x00000007a2000000, 0x00000007a2000000| Untracked 
| 325|0x00000007a2800000, 0x00000007a2800000, 0x00000007a3000000|  0%| F|  |TAMS 0x00000007a2800000, 0x00000007a2800000| Untracked 
| 326|0x00000007a3000000, 0x00000007a3000000, 0x00000007a3800000|  0%| F|  |TAMS 0x00000007a3000000, 0x00000007a3000000| Untracked 
| 327|0x00000007a3800000, 0x00000007a3800000, 0x00000007a4000000|  0%| F|  |TAMS 0x00000007a3800000, 0x00000007a3800000| Untracked 
| 328|0x00000007a4000000, 0x00000007a4000000, 0x00000007a4800000|  0%| F|  |TAMS 0x00000007a4000000, 0x00000007a4000000| Untracked 
| 329|0x00000007a4800000, 0x00000007a4800000, 0x00000007a5000000|  0%| F|  |TAMS 0x00000007a4800000, 0x00000007a4800000| Untracked 
| 330|0x00000007a5000000, 0x00000007a5000000, 0x00000007a5800000|  0%| F|  |TAMS 0x00000007a5000000, 0x00000007a5000000| Untracked 
| 331|0x00000007a5800000, 0x00000007a5800000, 0x00000007a6000000|  0%| F|  |TAMS 0x00000007a5800000, 0x00000007a5800000| Untracked 
| 332|0x00000007a6000000, 0x00000007a6000000, 0x00000007a6800000|  0%| F|  |TAMS 0x00000007a6000000, 0x00000007a6000000| Untracked 
| 333|0x00000007a6800000, 0x00000007a6800000, 0x00000007a7000000|  0%| F|  |TAMS 0x00000007a6800000, 0x00000007a6800000| Untracked 
| 334|0x00000007a7000000, 0x00000007a7000000, 0x00000007a7800000|  0%| F|  |TAMS 0x00000007a7000000, 0x00000007a7000000| Untracked 
| 335|0x00000007a7800000, 0x00000007a7800000, 0x00000007a8000000|  0%| F|  |TAMS 0x00000007a7800000, 0x00000007a7800000| Untracked 
| 336|0x00000007a8000000, 0x00000007a8000000, 0x00000007a8800000|  0%| F|  |TAMS 0x00000007a8000000, 0x00000007a8000000| Untracked 
| 337|0x00000007a8800000, 0x00000007a8800000, 0x00000007a9000000|  0%| F|  |TAMS 0x00000007a8800000, 0x00000007a8800000| Untracked 
| 338|0x00000007a9000000, 0x00000007a9000000, 0x00000007a9800000|  0%| F|  |TAMS 0x00000007a9000000, 0x00000007a9000000| Untracked 
| 339|0x00000007a9800000, 0x00000007a9800000, 0x00000007aa000000|  0%| F|  |TAMS 0x00000007a9800000, 0x00000007a9800000| Untracked 
| 340|0x00000007aa000000, 0x00000007aa000000, 0x00000007aa800000|  0%| F|  |TAMS 0x00000007aa000000, 0x00000007aa000000| Untracked 
| 341|0x00000007aa800000, 0x00000007aa800000, 0x00000007ab000000|  0%| F|  |TAMS 0x00000007aa800000, 0x00000007aa800000| Untracked 
| 342|0x00000007ab000000, 0x00000007ab000000, 0x00000007ab800000|  0%| F|  |TAMS 0x00000007ab000000, 0x00000007ab000000| Untracked 
| 343|0x00000007ab800000, 0x00000007ab800000, 0x00000007ac000000|  0%| F|  |TAMS 0x00000007ab800000, 0x00000007ab800000| Untracked 
| 344|0x00000007ac000000, 0x00000007ac000000, 0x00000007ac800000|  0%| F|  |TAMS 0x00000007ac000000, 0x00000007ac000000| Untracked 
| 345|0x00000007ac800000, 0x00000007ac800000, 0x00000007ad000000|  0%| F|  |TAMS 0x00000007ac800000, 0x00000007ac800000| Untracked 
| 346|0x00000007ad000000, 0x00000007ad000000, 0x00000007ad800000|  0%| F|  |TAMS 0x00000007ad000000, 0x00000007ad000000| Untracked 
| 347|0x00000007ad800000, 0x00000007ad800000, 0x00000007ae000000|  0%| F|  |TAMS 0x00000007ad800000, 0x00000007ad800000| Untracked 
| 348|0x00000007ae000000, 0x00000007ae000000, 0x00000007ae800000|  0%| F|  |TAMS 0x00000007ae000000, 0x00000007ae000000| Untracked 
| 349|0x00000007ae800000, 0x00000007ae800000, 0x00000007af000000|  0%| F|  |TAMS 0x00000007ae800000, 0x00000007ae800000| Untracked 
| 350|0x00000007af000000, 0x00000007af000000, 0x00000007af800000|  0%| F|  |TAMS 0x00000007af000000, 0x00000007af000000| Untracked 
| 351|0x00000007af800000, 0x00000007af800000, 0x00000007b0000000|  0%| F|  |TAMS 0x00000007af800000, 0x00000007af800000| Untracked 
| 352|0x00000007b0000000, 0x00000007b0000000, 0x00000007b0800000|  0%| F|  |TAMS 0x00000007b0000000, 0x00000007b0000000| Untracked 
| 353|0x00000007b0800000, 0x00000007b0800000, 0x00000007b1000000|  0%| F|  |TAMS 0x00000007b0800000, 0x00000007b0800000| Untracked 
| 354|0x00000007b1000000, 0x00000007b1800000, 0x00000007b1800000|100%| S|CS|TAMS 0x00000007b1000000, 0x00000007b1000000| Complete 
| 355|0x00000007b1800000, 0x00000007b2000000, 0x00000007b2000000|100%| S|CS|TAMS 0x00000007b1800000, 0x00000007b1800000| Complete 
| 356|0x00000007b2000000, 0x00000007b2800000, 0x00000007b2800000|100%| S|CS|TAMS 0x00000007b2000000, 0x00000007b2000000| Complete 
| 357|0x00000007b2800000, 0x00000007b3000000, 0x00000007b3000000|100%| S|CS|TAMS 0x00000007b2800000, 0x00000007b2800000| Complete 
| 358|0x00000007b3000000, 0x00000007b3800000, 0x00000007b3800000|100%| S|CS|TAMS 0x00000007b3000000, 0x00000007b3000000| Complete 
| 359|0x00000007b3800000, 0x00000007b3800000, 0x00000007b4000000|  0%| F|  |TAMS 0x00000007b3800000, 0x00000007b3800000| Untracked 
| 360|0x00000007b4000000, 0x00000007b4000000, 0x00000007b4800000|  0%| F|  |TAMS 0x00000007b4000000, 0x00000007b4000000| Untracked 
| 361|0x00000007b4800000, 0x00000007b4800000, 0x00000007b5000000|  0%| F|  |TAMS 0x00000007b4800000, 0x00000007b4800000| Untracked 
| 362|0x00000007b5000000, 0x00000007b5000000, 0x00000007b5800000|  0%| F|  |TAMS 0x00000007b5000000, 0x00000007b5000000| Untracked 
| 363|0x00000007b5800000, 0x00000007b5800000, 0x00000007b6000000|  0%| F|  |TAMS 0x00000007b5800000, 0x00000007b5800000| Untracked 
| 364|0x00000007b6000000, 0x00000007b6000000, 0x00000007b6800000|  0%| F|  |TAMS 0x00000007b6000000, 0x00000007b6000000| Untracked 
| 365|0x00000007b6800000, 0x00000007b6800000, 0x00000007b7000000|  0%| F|  |TAMS 0x00000007b6800000, 0x00000007b6800000| Untracked 
| 366|0x00000007b7000000, 0x00000007b7000000, 0x00000007b7800000|  0%| F|  |TAMS 0x00000007b7000000, 0x00000007b7000000| Untracked 
| 367|0x00000007b7800000, 0x00000007b7800000, 0x00000007b8000000|  0%| F|  |TAMS 0x00000007b7800000, 0x00000007b7800000| Untracked 
| 368|0x00000007b8000000, 0x00000007b8000000, 0x00000007b8800000|  0%| F|  |TAMS 0x00000007b8000000, 0x00000007b8000000| Untracked 
| 369|0x00000007b8800000, 0x00000007b8800000, 0x00000007b9000000|  0%| F|  |TAMS 0x00000007b8800000, 0x00000007b8800000| Untracked 
| 370|0x00000007b9000000, 0x00000007b9000000, 0x00000007b9800000|  0%| F|  |TAMS 0x00000007b9000000, 0x00000007b9000000| Untracked 
| 371|0x00000007b9800000, 0x00000007b9800000, 0x00000007ba000000|  0%| F|  |TAMS 0x00000007b9800000, 0x00000007b9800000| Untracked 
| 372|0x00000007ba000000, 0x00000007ba000000, 0x00000007ba800000|  0%| F|  |TAMS 0x00000007ba000000, 0x00000007ba000000| Untracked 
| 373|0x00000007ba800000, 0x00000007ba800000, 0x00000007bb000000|  0%| F|  |TAMS 0x00000007ba800000, 0x00000007ba800000| Untracked 
| 374|0x00000007bb000000, 0x00000007bb000000, 0x00000007bb800000|  0%| F|  |TAMS 0x00000007bb000000, 0x00000007bb000000| Untracked 
| 375|0x00000007bb800000, 0x00000007bb800000, 0x00000007bc000000|  0%| F|  |TAMS 0x00000007bb800000, 0x00000007bb800000| Untracked 
| 376|0x00000007bc000000, 0x00000007bc000000, 0x00000007bc800000|  0%| F|  |TAMS 0x00000007bc000000, 0x00000007bc000000| Untracked 
| 377|0x00000007bc800000, 0x00000007bc800000, 0x00000007bd000000|  0%| F|  |TAMS 0x00000007bc800000, 0x00000007bc800000| Untracked 
| 378|0x00000007bd000000, 0x00000007bd000000, 0x00000007bd800000|  0%| F|  |TAMS 0x00000007bd000000, 0x00000007bd000000| Untracked 
| 379|0x00000007bd800000, 0x00000007bd800000, 0x00000007be000000|  0%| F|  |TAMS 0x00000007bd800000, 0x00000007bd800000| Untracked 
| 380|0x00000007be000000, 0x00000007be000000, 0x00000007be800000|  0%| F|  |TAMS 0x00000007be000000, 0x00000007be000000| Untracked 
| 381|0x00000007be800000, 0x00000007be800000, 0x00000007bf000000|  0%| F|  |TAMS 0x00000007be800000, 0x00000007be800000| Untracked 
| 382|0x00000007bf000000, 0x00000007bf000000, 0x00000007bf800000|  0%| F|  |TAMS 0x00000007bf000000, 0x00000007bf000000| Untracked 
| 383|0x00000007bf800000, 0x00000007bf800000, 0x00000007c0000000|  0%| F|  |TAMS 0x00000007bf800000, 0x00000007bf800000| Untracked 
| 384|0x00000007c0000000, 0x00000007c0000000, 0x00000007c0800000|  0%| F|  |TAMS 0x00000007c0000000, 0x00000007c0000000| Untracked 
| 385|0x00000007c0800000, 0x00000007c0800000, 0x00000007c1000000|  0%| F|  |TAMS 0x00000007c0800000, 0x00000007c0800000| Untracked 
| 386|0x00000007c1000000, 0x00000007c1000000, 0x00000007c1800000|  0%| F|  |TAMS 0x00000007c1000000, 0x00000007c1000000| Untracked 
| 387|0x00000007c1800000, 0x00000007c1800000, 0x00000007c2000000|  0%| F|  |TAMS 0x00000007c1800000, 0x00000007c1800000| Untracked 
| 388|0x00000007c2000000, 0x00000007c2000000, 0x00000007c2800000|  0%| F|  |TAMS 0x00000007c2000000, 0x00000007c2000000| Untracked 
| 389|0x00000007c2800000, 0x00000007c2800000, 0x00000007c3000000|  0%| F|  |TAMS 0x00000007c2800000, 0x00000007c2800000| Untracked 
| 390|0x00000007c3000000, 0x00000007c3000000, 0x00000007c3800000|  0%| F|  |TAMS 0x00000007c3000000, 0x00000007c3000000| Untracked 
| 391|0x00000007c3800000, 0x00000007c3800000, 0x00000007c4000000|  0%| F|  |TAMS 0x00000007c3800000, 0x00000007c3800000| Untracked 
| 392|0x00000007c4000000, 0x00000007c4000000, 0x00000007c4800000|  0%| F|  |TAMS 0x00000007c4000000, 0x00000007c4000000| Untracked 
| 393|0x00000007c4800000, 0x00000007c4800000, 0x00000007c5000000|  0%| F|  |TAMS 0x00000007c4800000, 0x00000007c4800000| Untracked 
| 394|0x00000007c5000000, 0x00000007c5000000, 0x00000007c5800000|  0%| F|  |TAMS 0x00000007c5000000, 0x00000007c5000000| Untracked 
| 395|0x00000007c5800000, 0x00000007c5800000, 0x00000007c6000000|  0%| F|  |TAMS 0x00000007c5800000, 0x00000007c5800000| Untracked 
| 396|0x00000007c6000000, 0x00000007c6000000, 0x00000007c6800000|  0%| F|  |TAMS 0x00000007c6000000, 0x00000007c6000000| Untracked 
| 397|0x00000007c6800000, 0x00000007c6800000, 0x00000007c7000000|  0%| F|  |TAMS 0x00000007c6800000, 0x00000007c6800000| Untracked 
| 398|0x00000007c7000000, 0x00000007c7000000, 0x00000007c7800000|  0%| F|  |TAMS 0x00000007c7000000, 0x00000007c7000000| Untracked 
| 399|0x00000007c7800000, 0x00000007c7800000, 0x00000007c8000000|  0%| F|  |TAMS 0x00000007c7800000, 0x00000007c7800000| Untracked 
| 400|0x00000007c8000000, 0x00000007c8000000, 0x00000007c8800000|  0%| F|  |TAMS 0x00000007c8000000, 0x00000007c8000000| Untracked 
| 401|0x00000007c8800000, 0x00000007c8800000, 0x00000007c9000000|  0%| F|  |TAMS 0x00000007c8800000, 0x00000007c8800000| Untracked 
| 402|0x00000007c9000000, 0x00000007c9000000, 0x00000007c9800000|  0%| F|  |TAMS 0x00000007c9000000, 0x00000007c9000000| Untracked 
| 403|0x00000007c9800000, 0x00000007c9800000, 0x00000007ca000000|  0%| F|  |TAMS 0x00000007c9800000, 0x00000007c9800000| Untracked 
| 404|0x00000007ca000000, 0x00000007ca000000, 0x00000007ca800000|  0%| F|  |TAMS 0x00000007ca000000, 0x00000007ca000000| Untracked 
| 405|0x00000007ca800000, 0x00000007ca800000, 0x00000007cb000000|  0%| F|  |TAMS 0x00000007ca800000, 0x00000007ca800000| Untracked 
| 406|0x00000007cb000000, 0x00000007cb000000, 0x00000007cb800000|  0%| F|  |TAMS 0x00000007cb000000, 0x00000007cb000000| Untracked 
| 407|0x00000007cb800000, 0x00000007cb800000, 0x00000007cc000000|  0%| F|  |TAMS 0x00000007cb800000, 0x00000007cb800000| Untracked 
| 408|0x00000007cc000000, 0x00000007cc000000, 0x00000007cc800000|  0%| F|  |TAMS 0x00000007cc000000, 0x00000007cc000000| Untracked 
| 409|0x00000007cc800000, 0x00000007cc800000, 0x00000007cd000000|  0%| F|  |TAMS 0x00000007cc800000, 0x00000007cc800000| Untracked 
| 410|0x00000007cd000000, 0x00000007cd000000, 0x00000007cd800000|  0%| F|  |TAMS 0x00000007cd000000, 0x00000007cd000000| Untracked 
| 411|0x00000007cd800000, 0x00000007cd800000, 0x00000007ce000000|  0%| F|  |TAMS 0x00000007cd800000, 0x00000007cd800000| Untracked 
| 412|0x00000007ce000000, 0x00000007ce000000, 0x00000007ce800000|  0%| F|  |TAMS 0x00000007ce000000, 0x00000007ce000000| Untracked 
| 413|0x00000007ce800000, 0x00000007ce800000, 0x00000007cf000000|  0%| F|  |TAMS 0x00000007ce800000, 0x00000007ce800000| Untracked 
| 414|0x00000007cf000000, 0x00000007cf000000, 0x00000007cf800000|  0%| F|  |TAMS 0x00000007cf000000, 0x00000007cf000000| Untracked 
| 415|0x00000007cf800000, 0x00000007cf800000, 0x00000007d0000000|  0%| F|  |TAMS 0x00000007cf800000, 0x00000007cf800000| Untracked 
| 416|0x00000007d0000000, 0x00000007d0000000, 0x00000007d0800000|  0%| F|  |TAMS 0x00000007d0000000, 0x00000007d0000000| Untracked 
| 417|0x00000007d0800000, 0x00000007d0800000, 0x00000007d1000000|  0%| F|  |TAMS 0x00000007d0800000, 0x00000007d0800000| Untracked 
| 418|0x00000007d1000000, 0x00000007d1000000, 0x00000007d1800000|  0%| F|  |TAMS 0x00000007d1000000, 0x00000007d1000000| Untracked 
| 419|0x00000007d1800000, 0x00000007d1800000, 0x00000007d2000000|  0%| F|  |TAMS 0x00000007d1800000, 0x00000007d1800000| Untracked 
| 420|0x00000007d2000000, 0x00000007d2000000, 0x00000007d2800000|  0%| F|  |TAMS 0x00000007d2000000, 0x00000007d2000000| Untracked 
| 421|0x00000007d2800000, 0x00000007d2800000, 0x00000007d3000000|  0%| F|  |TAMS 0x00000007d2800000, 0x00000007d2800000| Untracked 
| 422|0x00000007d3000000, 0x00000007d3000000, 0x00000007d3800000|  0%| F|  |TAMS 0x00000007d3000000, 0x00000007d3000000| Untracked 
| 423|0x00000007d3800000, 0x00000007d3800000, 0x00000007d4000000|  0%| F|  |TAMS 0x00000007d3800000, 0x00000007d3800000| Untracked 
| 424|0x00000007d4000000, 0x00000007d4000000, 0x00000007d4800000|  0%| F|  |TAMS 0x00000007d4000000, 0x00000007d4000000| Untracked 
| 425|0x00000007d4800000, 0x00000007d4800000, 0x00000007d5000000|  0%| F|  |TAMS 0x00000007d4800000, 0x00000007d4800000| Untracked 
| 426|0x00000007d5000000, 0x00000007d5000000, 0x00000007d5800000|  0%| F|  |TAMS 0x00000007d5000000, 0x00000007d5000000| Untracked 
| 427|0x00000007d5800000, 0x00000007d5800000, 0x00000007d6000000|  0%| F|  |TAMS 0x00000007d5800000, 0x00000007d5800000| Untracked 
| 428|0x00000007d6000000, 0x00000007d6000000, 0x00000007d6800000|  0%| F|  |TAMS 0x00000007d6000000, 0x00000007d6000000| Untracked 
| 429|0x00000007d6800000, 0x00000007d6800000, 0x00000007d7000000|  0%| F|  |TAMS 0x00000007d6800000, 0x00000007d6800000| Untracked 
| 430|0x00000007d7000000, 0x00000007d7000000, 0x00000007d7800000|  0%| F|  |TAMS 0x00000007d7000000, 0x00000007d7000000| Untracked 
| 431|0x00000007d7800000, 0x00000007d7800000, 0x00000007d8000000|  0%| F|  |TAMS 0x00000007d7800000, 0x00000007d7800000| Untracked 
| 432|0x00000007d8000000, 0x00000007d8000000, 0x00000007d8800000|  0%| F|  |TAMS 0x00000007d8000000, 0x00000007d8000000| Untracked 
| 433|0x00000007d8800000, 0x00000007d8800000, 0x00000007d9000000|  0%| F|  |TAMS 0x00000007d8800000, 0x00000007d8800000| Untracked 
| 434|0x00000007d9000000, 0x00000007d9000000, 0x00000007d9800000|  0%| F|  |TAMS 0x00000007d9000000, 0x00000007d9000000| Untracked 
| 435|0x00000007d9800000, 0x00000007d9800000, 0x00000007da000000|  0%| F|  |TAMS 0x00000007d9800000, 0x00000007d9800000| Untracked 
| 436|0x00000007da000000, 0x00000007da000000, 0x00000007da800000|  0%| F|  |TAMS 0x00000007da000000, 0x00000007da000000| Untracked 
| 437|0x00000007da800000, 0x00000007da800000, 0x00000007db000000|  0%| F|  |TAMS 0x00000007da800000, 0x00000007da800000| Untracked 
| 438|0x00000007db000000, 0x00000007db000000, 0x00000007db800000|  0%| F|  |TAMS 0x00000007db000000, 0x00000007db000000| Untracked 
| 439|0x00000007db800000, 0x00000007db800000, 0x00000007dc000000|  0%| F|  |TAMS 0x00000007db800000, 0x00000007db800000| Untracked 
| 440|0x00000007dc000000, 0x00000007dc000000, 0x00000007dc800000|  0%| F|  |TAMS 0x00000007dc000000, 0x00000007dc000000| Untracked 
| 441|0x00000007dc800000, 0x00000007dc800000, 0x00000007dd000000|  0%| F|  |TAMS 0x00000007dc800000, 0x00000007dc800000| Untracked 
| 442|0x00000007dd000000, 0x00000007dd000000, 0x00000007dd800000|  0%| F|  |TAMS 0x00000007dd000000, 0x00000007dd000000| Untracked 
| 443|0x00000007dd800000, 0x00000007dd800000, 0x00000007de000000|  0%| F|  |TAMS 0x00000007dd800000, 0x00000007dd800000| Untracked 
| 444|0x00000007de000000, 0x00000007de000000, 0x00000007de800000|  0%| F|  |TAMS 0x00000007de000000, 0x00000007de000000| Untracked 
| 445|0x00000007de800000, 0x00000007de800000, 0x00000007df000000|  0%| F|  |TAMS 0x00000007de800000, 0x00000007de800000| Untracked 
| 446|0x00000007df000000, 0x00000007df000000, 0x00000007df800000|  0%| F|  |TAMS 0x00000007df000000, 0x00000007df000000| Untracked 
| 447|0x00000007df800000, 0x00000007df800000, 0x00000007e0000000|  0%| F|  |TAMS 0x00000007df800000, 0x00000007df800000| Untracked 
| 448|0x00000007e0000000, 0x00000007e0000000, 0x00000007e0800000|  0%| F|  |TAMS 0x00000007e0000000, 0x00000007e0000000| Untracked 
| 449|0x00000007e0800000, 0x00000007e0800000, 0x00000007e1000000|  0%| F|  |TAMS 0x00000007e0800000, 0x00000007e0800000| Untracked 
| 450|0x00000007e1000000, 0x00000007e1000000, 0x00000007e1800000|  0%| F|  |TAMS 0x00000007e1000000, 0x00000007e1000000| Untracked 
| 451|0x00000007e1800000, 0x00000007e1800000, 0x00000007e2000000|  0%| F|  |TAMS 0x00000007e1800000, 0x00000007e1800000| Untracked 
| 452|0x00000007e2000000, 0x00000007e2000000, 0x00000007e2800000|  0%| F|  |TAMS 0x00000007e2000000, 0x00000007e2000000| Untracked 
| 453|0x00000007e2800000, 0x00000007e2800000, 0x00000007e3000000|  0%| F|  |TAMS 0x00000007e2800000, 0x00000007e2800000| Untracked 
| 454|0x00000007e3000000, 0x00000007e3000000, 0x00000007e3800000|  0%| F|  |TAMS 0x00000007e3000000, 0x00000007e3000000| Untracked 
| 455|0x00000007e3800000, 0x00000007e3800000, 0x00000007e4000000|  0%| F|  |TAMS 0x00000007e3800000, 0x00000007e3800000| Untracked 
| 456|0x00000007e4000000, 0x00000007e4000000, 0x00000007e4800000|  0%| F|  |TAMS 0x00000007e4000000, 0x00000007e4000000| Untracked 
| 457|0x00000007e4800000, 0x00000007e4800000, 0x00000007e5000000|  0%| F|  |TAMS 0x00000007e4800000, 0x00000007e4800000| Untracked 
| 458|0x00000007e5000000, 0x00000007e5000000, 0x00000007e5800000|  0%| F|  |TAMS 0x00000007e5000000, 0x00000007e5000000| Untracked 
| 459|0x00000007e5800000, 0x00000007e5800000, 0x00000007e6000000|  0%| F|  |TAMS 0x00000007e5800000, 0x00000007e5800000| Untracked 
| 460|0x00000007e6000000, 0x00000007e6000000, 0x00000007e6800000|  0%| F|  |TAMS 0x00000007e6000000, 0x00000007e6000000| Untracked 
| 461|0x00000007e6800000, 0x00000007e6800000, 0x00000007e7000000|  0%| F|  |TAMS 0x00000007e6800000, 0x00000007e6800000| Untracked 
| 462|0x00000007e7000000, 0x00000007e7000000, 0x00000007e7800000|  0%| F|  |TAMS 0x00000007e7000000, 0x00000007e7000000| Untracked 
| 463|0x00000007e7800000, 0x00000007e7800000, 0x00000007e8000000|  0%| F|  |TAMS 0x00000007e7800000, 0x00000007e7800000| Untracked 
| 464|0x00000007e8000000, 0x00000007e8000000, 0x00000007e8800000|  0%| F|  |TAMS 0x00000007e8000000, 0x00000007e8000000| Untracked 
| 465|0x00000007e8800000, 0x00000007e8800000, 0x00000007e9000000|  0%| F|  |TAMS 0x00000007e8800000, 0x00000007e8800000| Untracked 
| 466|0x00000007e9000000, 0x00000007e9000000, 0x00000007e9800000|  0%| F|  |TAMS 0x00000007e9000000, 0x00000007e9000000| Untracked 
| 467|0x00000007e9800000, 0x00000007e9800000, 0x00000007ea000000|  0%| F|  |TAMS 0x00000007e9800000, 0x00000007e9800000| Untracked 
| 468|0x00000007ea000000, 0x00000007ea000000, 0x00000007ea800000|  0%| F|  |TAMS 0x00000007ea000000, 0x00000007ea000000| Untracked 
| 469|0x00000007ea800000, 0x00000007ea800000, 0x00000007eb000000|  0%| F|  |TAMS 0x00000007ea800000, 0x00000007ea800000| Untracked 
| 470|0x00000007eb000000, 0x00000007eb000000, 0x00000007eb800000|  0%| F|  |TAMS 0x00000007eb000000, 0x00000007eb000000| Untracked 
| 471|0x00000007eb800000, 0x00000007eb800000, 0x00000007ec000000|  0%| F|  |TAMS 0x00000007eb800000, 0x00000007eb800000| Untracked 
| 472|0x00000007ec000000, 0x00000007ec000000, 0x00000007ec800000|  0%| F|  |TAMS 0x00000007ec000000, 0x00000007ec000000| Untracked 
| 473|0x00000007ec800000, 0x00000007ec800000, 0x00000007ed000000|  0%| F|  |TAMS 0x00000007ec800000, 0x00000007ec800000| Untracked 
| 474|0x00000007ed000000, 0x00000007ed000000, 0x00000007ed800000|  0%| F|  |TAMS 0x00000007ed000000, 0x00000007ed000000| Untracked 
| 475|0x00000007ed800000, 0x00000007ed800000, 0x00000007ee000000|  0%| F|  |TAMS 0x00000007ed800000, 0x00000007ed800000| Untracked 
| 476|0x00000007ee000000, 0x00000007ee000000, 0x00000007ee800000|  0%| F|  |TAMS 0x00000007ee000000, 0x00000007ee000000| Untracked 
| 477|0x00000007ee800000, 0x00000007ee800000, 0x00000007ef000000|  0%| F|  |TAMS 0x00000007ee800000, 0x00000007ee800000| Untracked 
| 478|0x00000007ef000000, 0x00000007ef000000, 0x00000007ef800000|  0%| F|  |TAMS 0x00000007ef000000, 0x00000007ef000000| Untracked 
| 479|0x00000007ef800000, 0x00000007ef800000, 0x00000007f0000000|  0%| F|  |TAMS 0x00000007ef800000, 0x00000007ef800000| Untracked 
| 480|0x00000007f0000000, 0x00000007f0000000, 0x00000007f0800000|  0%| F|  |TAMS 0x00000007f0000000, 0x00000007f0000000| Untracked 
| 481|0x00000007f0800000, 0x00000007f0800000, 0x00000007f1000000|  0%| F|  |TAMS 0x00000007f0800000, 0x00000007f0800000| Untracked 
| 482|0x00000007f1000000, 0x00000007f1000000, 0x00000007f1800000|  0%| F|  |TAMS 0x00000007f1000000, 0x00000007f1000000| Untracked 
| 483|0x00000007f1800000, 0x00000007f1800000, 0x00000007f2000000|  0%| F|  |TAMS 0x00000007f1800000, 0x00000007f1800000| Untracked 
| 484|0x00000007f2000000, 0x00000007f26c40e0, 0x00000007f2800000| 84%| E|  |TAMS 0x00000007f2000000, 0x00000007f2000000| Complete 
| 485|0x00000007f2800000, 0x00000007f3000000, 0x00000007f3000000|100%| E|CS|TAMS 0x00000007f2800000, 0x00000007f2800000| Complete 
| 486|0x00000007f3000000, 0x00000007f3800000, 0x00000007f3800000|100%| E|CS|TAMS 0x00000007f3000000, 0x00000007f3000000| Complete 
| 487|0x00000007f3800000, 0x00000007f4000000, 0x00000007f4000000|100%| E|CS|TAMS 0x00000007f3800000, 0x00000007f3800000| Complete 
| 488|0x00000007f4000000, 0x00000007f4800000, 0x00000007f4800000|100%| E|CS|TAMS 0x00000007f4000000, 0x00000007f4000000| Complete 
| 489|0x00000007f4800000, 0x00000007f5000000, 0x00000007f5000000|100%| E|CS|TAMS 0x00000007f4800000, 0x00000007f4800000| Complete 
| 490|0x00000007f5000000, 0x00000007f5800000, 0x00000007f5800000|100%| E|CS|TAMS 0x00000007f5000000, 0x00000007f5000000| Complete 
| 491|0x00000007f5800000, 0x00000007f6000000, 0x00000007f6000000|100%| E|CS|TAMS 0x00000007f5800000, 0x00000007f5800000| Complete 
| 492|0x00000007f6000000, 0x00000007f6800000, 0x00000007f6800000|100%| E|CS|TAMS 0x00000007f6000000, 0x00000007f6000000| Complete 
| 493|0x00000007f6800000, 0x00000007f7000000, 0x00000007f7000000|100%| E|CS|TAMS 0x00000007f6800000, 0x00000007f6800000| Complete 
| 494|0x00000007f7000000, 0x00000007f7800000, 0x00000007f7800000|100%| E|CS|TAMS 0x00000007f7000000, 0x00000007f7000000| Complete 
| 495|0x00000007f7800000, 0x00000007f8000000, 0x00000007f8000000|100%| E|CS|TAMS 0x00000007f7800000, 0x00000007f7800000| Complete 
| 496|0x00000007f8000000, 0x00000007f8800000, 0x00000007f8800000|100%| E|CS|TAMS 0x00000007f8000000, 0x00000007f8000000| Complete 
| 497|0x00000007f8800000, 0x00000007f9000000, 0x00000007f9000000|100%| E|CS|TAMS 0x00000007f8800000, 0x00000007f8800000| Complete 
| 498|0x00000007f9000000, 0x00000007f9800000, 0x00000007f9800000|100%| E|CS|TAMS 0x00000007f9000000, 0x00000007f9000000| Complete 
| 499|0x00000007f9800000, 0x00000007fa000000, 0x00000007fa000000|100%| E|CS|TAMS 0x00000007f9800000, 0x00000007f9800000| Complete 
| 500|0x00000007fa000000, 0x00000007fa800000, 0x00000007fa800000|100%| E|CS|TAMS 0x00000007fa000000, 0x00000007fa000000| Complete 
| 501|0x00000007fa800000, 0x00000007fb000000, 0x00000007fb000000|100%| E|CS|TAMS 0x00000007fa800000, 0x00000007fa800000| Complete 
| 502|0x00000007fb000000, 0x00000007fb800000, 0x00000007fb800000|100%| E|CS|TAMS 0x00000007fb000000, 0x00000007fb000000| Complete 
| 503|0x00000007fb800000, 0x00000007fc000000, 0x00000007fc000000|100%| E|CS|TAMS 0x00000007fb800000, 0x00000007fb800000| Complete 
| 504|0x00000007fc000000, 0x00000007fc800000, 0x00000007fc800000|100%| E|CS|TAMS 0x00000007fc000000, 0x00000007fc000000| Complete 
| 505|0x00000007fc800000, 0x00000007fd000000, 0x00000007fd000000|100%| E|CS|TAMS 0x00000007fc800000, 0x00000007fc800000| Complete 
| 506|0x00000007fd000000, 0x00000007fd800000, 0x00000007fd800000|100%| E|CS|TAMS 0x00000007fd000000, 0x00000007fd000000| Complete 
| 507|0x00000007fd800000, 0x00000007fe000000, 0x00000007fe000000|100%| E|CS|TAMS 0x00000007fd800000, 0x00000007fd800000| Complete 
| 508|0x00000007fe000000, 0x00000007fe800000, 0x00000007fe800000|100%| E|CS|TAMS 0x00000007fe000000, 0x00000007fe000000| Complete 
| 509|0x00000007fe800000, 0x00000007ff000000, 0x00000007ff000000|100%| E|CS|TAMS 0x00000007fe800000, 0x00000007fe800000| Complete 
| 510|0x00000007ff000000, 0x00000007ff800000, 0x00000007ff800000|100%| E|CS|TAMS 0x00000007ff000000, 0x00000007ff000000| Complete 
| 511|0x00000007ff800000, 0x0000000800000000, 0x0000000800000000|100%| E|CS|TAMS 0x00000007ff800000, 0x00000007ff800000| Complete 

Card table byte_map: [0x0000029a2b090000,0x0000029a2b890000] _byte_map_base: 0x0000029a27890000

Marking Bits (Prev, Next): (CMBitMap*) 0x0000029a14621cc0, (CMBitMap*) 0x0000029a14621d00
 Prev Bits: [0x0000029a2c090000, 0x0000029a30090000)
 Next Bits: [0x0000029a30090000, 0x0000029a34090000)

Polling page: 0x0000029a14010000

Metaspace:

Usage:
  Non-class:    237.20 MB used.
      Class:     40.05 MB used.
       Both:    277.25 MB used.

Virtual space:
  Non-class space:      256.00 MB reserved,     238.75 MB ( 93%) committed,  4 nodes.
      Class space:        1.00 GB reserved,      41.50 MB (  4%) committed,  1 nodes.
             Both:        1.25 GB reserved,     280.25 MB ( 22%) committed. 

Chunk freelists:
   Non-Class:  686.00 KB
       Class:  6.53 MB
        Both:  7.20 MB

MaxMetaspaceSize: unlimited
CompressedClassSpaceSize: 1.00 GB
Initial GC threshold: 21.00 MB
Current GC threshold: 444.81 MB
CDS: on
MetaspaceReclaimPolicy: balanced
 - commit_granule_bytes: 65536.
 - commit_granule_words: 8192.
 - virtual_space_node_default_size: 8388608.
 - enlarge_chunks_in_place: 1.
 - new_chunks_are_fully_committed: 0.
 - uncommit_free_chunks: 1.
 - use_allocation_guard: 0.
 - handle_deallocations: 1.


Internal statistics:

num_allocs_failed_limit: 41.
num_arena_births: 3558.
num_arena_deaths: 24.
num_vsnodes_births: 5.
num_vsnodes_deaths: 0.
num_space_committed: 4473.
num_space_uncommitted: 0.
num_chunks_returned_to_freelist: 77.
num_chunks_taken_from_freelist: 15611.
num_chunk_merges: 47.
num_chunk_splits: 10712.
num_chunks_enlarged: 7617.
num_inconsistent_stats: 0.

CodeHeap 'non-profiled nmethods': size=120000Kb used=18115Kb max_used=18165Kb free=101884Kb
 bounds [0x0000029a226d0000, 0x0000029a23890000, 0x0000029a29c00000]
CodeHeap 'profiled nmethods': size=120000Kb used=50440Kb max_used=50440Kb free=69559Kb
 bounds [0x0000029a1ac00000, 0x0000029a1dd80000, 0x0000029a22130000]
CodeHeap 'non-nmethods': size=5760Kb used=2278Kb max_used=2336Kb free=3481Kb
 bounds [0x0000029a22130000, 0x0000029a223a0000, 0x0000029a226d0000]
 total_blobs=29351 nmethods=27485 adapters=1773
 compilation: enabled
              stopped_count=0, restarted_count=0
 full_count=0

Compilation events (20 events):
Event: 55.397 Thread 0x0000029a3727a390 nmethod 38960 0x0000029a1d6c3b90 code [0x0000029a1d6c3d40, 0x0000029a1d6c3e68]
Event: 55.398 Thread 0x0000029a3727a390 38962       2       it.unimi.dsi.fastutil.longs.Long2FloatLinkedOpenHashMap::shiftKeys (117 bytes)
Event: 55.398 Thread 0x0000029a3727a390 nmethod 38962 0x0000029a1d6c3310 code [0x0000029a1d6c34e0, 0x0000029a1d6c3858]
Event: 55.398 Thread 0x0000029a3727a390 38961       2       it.unimi.dsi.fastutil.longs.Long2FloatLinkedOpenHashMap::removeFirstFloat (137 bytes)
Event: 55.398 Thread 0x0000029a3727a390 nmethod 38961 0x0000029a1d965110 code [0x0000029a1d9652e0, 0x0000029a1d965648]
Event: 55.400 Thread 0x0000029a3727a390 38963       3       net.minecraft.world.level.entity.Visibility::a (32 bytes)
Event: 55.400 Thread 0x0000029a3727a390 nmethod 38963 0x0000029a1d803210 code [0x0000029a1d8033e0, 0x0000029a1d803778]
Event: 55.401 Thread 0x0000029a3727a390 38965       2       net.minecraft.world.level.gameevent.GameEventDispatcher::a (340 bytes)
Event: 55.403 Thread 0x0000029a3727a390 nmethod 38965 0x0000029a1d6bf010 code [0x0000029a1d6bf300, 0x0000029a1d6c0098]
Event: 55.403 Thread 0x0000029a3727a390 38966       2       net.minecraft.world.level.chunk.ChunkSection::hasSpecialCollidingBlocks (13 bytes)
Event: 55.403 Thread 0x0000029a3727a390 nmethod 38966 0x0000029a1d964c90 code [0x0000029a1d964e20, 0x0000029a1d964f38]
Event: 55.406 Thread 0x0000029a00e08f80 nmethod 38786 0x0000029a2388ab90 code [0x0000029a2388ae20, 0x0000029a2388c148]
Event: 55.406 Thread 0x0000029a00e08f80 38964       4       java.lang.Math::max (45 bytes)
Event: 55.407 Thread 0x0000029a00e08f80 nmethod 38964 0x0000029a2388d210 code [0x0000029a2388d3c0, 0x0000029a2388d458]
Event: 55.407 Thread 0x0000029a00e08f80 38954       4       net.minecraft.world.entity.Entity::a (450 bytes)
Event: 55.412 Thread 0x0000029a3727a390 38967       2       net.minecraft.network.protocol.game.ClientboundLevelChunkPacketData::<init> (273 bytes)
Event: 55.414 Thread 0x0000029a3727a390 nmethod 38967 0x0000029a1d6bd390 code [0x0000029a1d6bd720, 0x0000029a1d6be8b8]
Event: 55.436 Thread 0x0000029a3727a390 38969 % !   3       com.viaversion.nbt.tag.ListTag::read @ 27 (78 bytes)
Event: 55.437 Thread 0x0000029a3727a390 nmethod 38969% 0x0000029a1d834210 code [0x0000029a1d834480, 0x0000029a1d8350c8]
Event: 55.447 Thread 0x0000029a3727a390 38971 %     2       io.papermc.paper.util.CollisionUtil::getCollisionsForBlocksOrWorldBorder @ 772 (1315 bytes)

GC Heap History (20 events):
Event: 15.130 GC heap before
{Heap before GC invocations=7 (full 0):
 garbage-first heap   total 4194304K, used 1439288K [0x0000000700000000, 0x0000000800000000)
  region size 8192K, 153 young (1253376K), 5 survivors (40960K)
 Metaspace       used 93844K, committed 95040K, reserved 1179648K
  class space    used 12458K, committed 12992K, reserved 1048576K
}
Event: 15.146 GC heap after
{Heap after GC invocations=8 (full 0):
 garbage-first heap   total 4194304K, used 239496K [0x0000000700000000, 0x0000000800000000)
  region size 8192K, 1 young (8192K), 1 survivors (8192K)
 Metaspace       used 93844K, committed 95040K, reserved 1179648K
  class space    used 12458K, committed 12992K, reserved 1048576K
}
Event: 15.885 GC heap before
{Heap before GC invocations=8 (full 0):
 garbage-first heap   total 4194304K, used 616328K [0x0000000700000000, 0x0000000800000000)
  region size 8192K, 48 young (393216K), 1 survivors (8192K)
 Metaspace       used 99994K, committed 101248K, reserved 1179648K
  class space    used 13423K, committed 13952K, reserved 1048576K
}
Event: 15.892 GC heap after
{Heap after GC invocations=9 (full 0):
 garbage-first heap   total 4194304K, used 250714K [0x0000000700000000, 0x0000000800000000)
  region size 8192K, 2 young (16384K), 2 survivors (16384K)
 Metaspace       used 99994K, committed 101248K, reserved 1179648K
  class space    used 13423K, committed 13952K, reserved 1048576K
}
Event: 21.578 GC heap before
{Heap before GC invocations=10 (full 0):
 garbage-first heap   total 4194304K, used 1487706K [0x0000000700000000, 0x0000000800000000)
  region size 8192K, 153 young (1253376K), 2 survivors (16384K)
 Metaspace       used 129658K, committed 131072K, reserved 1179648K
  class space    used 20087K, committed 20672K, reserved 1048576K
}
Event: 21.651 GC heap after
{Heap after GC invocations=11 (full 0):
 garbage-first heap   total 4194304K, used 399027K [0x0000000700000000, 0x0000000800000000)
  region size 8192K, 5 young (40960K), 5 survivors (40960K)
 Metaspace       used 129658K, committed 131072K, reserved 1179648K
  class space    used 20087K, committed 20672K, reserved 1048576K
}
Event: 25.415 GC heap before
{Heap before GC invocations=11 (full 0):
 garbage-first heap   total 4194304K, used 1611443K [0x0000000700000000, 0x0000000800000000)
  region size 8192K, 153 young (1253376K), 5 survivors (40960K)
 Metaspace       used 160134K, committed 161856K, reserved 1245184K
  class space    used 24366K, committed 25088K, reserved 1048576K
}
Event: 25.446 GC heap after
{Heap after GC invocations=12 (full 0):
 garbage-first heap   total 4194304K, used 431610K [0x0000000700000000, 0x0000000800000000)
  region size 8192K, 5 young (40960K), 5 survivors (40960K)
 Metaspace       used 160134K, committed 161856K, reserved 1245184K
  class space    used 24366K, committed 25088K, reserved 1048576K
}
Event: 26.632 GC heap before
{Heap before GC invocations=12 (full 0):
 garbage-first heap   total 4194304K, used 669178K [0x0000000700000000, 0x0000000800000000)
  region size 8192K, 35 young (286720K), 5 survivors (40960K)
 Metaspace       used 169179K, committed 170880K, reserved 1245184K
  class space    used 25519K, committed 26240K, reserved 1048576K
}
Event: 26.651 GC heap after
{Heap after GC invocations=13 (full 0):
 garbage-first heap   total 4194304K, used 483328K [0x0000000700000000, 0x0000000800000000)
  region size 8192K, 5 young (40960K), 5 survivors (40960K)
 Metaspace       used 169179K, committed 170880K, reserved 1245184K
  class space    used 25519K, committed 26240K, reserved 1048576K
}
Event: 28.325 GC heap before
{Heap before GC invocations=14 (full 0):
 garbage-first heap   total 4194304K, used 1695744K [0x0000000700000000, 0x0000000800000000)
  region size 8192K, 153 young (1253376K), 5 survivors (40960K)
 Metaspace       used 179827K, committed 181760K, reserved 1245184K
  class space    used 27118K, committed 27968K, reserved 1048576K
}
Event: 28.389 GC heap after
{Heap after GC invocations=15 (full 0):
 garbage-first heap   total 4194304K, used 740170K [0x0000000700000000, 0x0000000800000000)
  region size 8192K, 5 young (40960K), 5 survivors (40960K)
 Metaspace       used 179827K, committed 181760K, reserved 1245184K
  class space    used 27118K, committed 27968K, reserved 1048576K
}
Event: 36.502 GC heap before
{Heap before GC invocations=15 (full 0):
 garbage-first heap   total 4194304K, used 1944394K [0x0000000700000000, 0x0000000800000000)
  region size 8192K, 153 young (1253376K), 5 survivors (40960K)
 Metaspace       used 217655K, committed 220032K, reserved 1245184K
  class space    used 33041K, committed 34048K, reserved 1048576K
}
Event: 36.537 GC heap after
{Heap after GC invocations=16 (full 0):
 garbage-first heap   total 4194304K, used 802422K [0x0000000700000000, 0x0000000800000000)
  region size 8192K, 5 young (40960K), 5 survivors (40960K)
 Metaspace       used 217655K, committed 220032K, reserved 1245184K
  class space    used 33041K, committed 34048K, reserved 1048576K
}
Event: 42.085 GC heap before
{Heap before GC invocations=16 (full 0):
 garbage-first heap   total 4194304K, used 2006646K [0x0000000700000000, 0x0000000800000000)
  region size 8192K, 153 young (1253376K), 5 survivors (40960K)
 Metaspace       used 253752K, committed 256512K, reserved 1310720K
  class space    used 37291K, committed 38528K, reserved 1048576K
}
Event: 42.115 GC heap after
{Heap after GC invocations=17 (full 0):
 garbage-first heap   total 4194304K, used 850992K [0x0000000700000000, 0x0000000800000000)
  region size 8192K, 5 young (40960K), 5 survivors (40960K)
 Metaspace       used 253752K, committed 256512K, reserved 1310720K
  class space    used 37291K, committed 38528K, reserved 1048576K
}
Event: 47.649 GC heap before
{Heap before GC invocations=17 (full 0):
 garbage-first heap   total 4194304K, used 2063408K [0x0000000700000000, 0x0000000800000000)
  region size 8192K, 153 young (1253376K), 5 survivors (40960K)
 Metaspace       used 269433K, committed 272256K, reserved 1310720K
  class space    used 39247K, committed 40576K, reserved 1048576K
}
Event: 47.687 GC heap after
{Heap after GC invocations=18 (full 0):
 garbage-first heap   total 4194304K, used 936202K [0x0000000700000000, 0x0000000800000000)
  region size 8192K, 5 young (40960K), 5 survivors (40960K)
 Metaspace       used 269433K, committed 272256K, reserved 1310720K
  class space    used 39247K, committed 40576K, reserved 1048576K
}
Event: 54.333 GC heap before
{Heap before GC invocations=19 (full 0):
 garbage-first heap   total 4194304K, used 2140426K [0x0000000700000000, 0x0000000800000000)
  region size 8192K, 153 young (1253376K), 5 survivors (40960K)
 Metaspace       used 283500K, committed 286528K, reserved 1310720K
  class space    used 40994K, committed 42496K, reserved 1048576K
}
Event: 54.368 GC heap after
{Heap after GC invocations=20 (full 0):
 garbage-first heap   total 4194304K, used 1003830K [0x0000000700000000, 0x0000000800000000)
  region size 8192K, 5 young (40960K), 5 survivors (40960K)
 Metaspace       used 283500K, committed 286528K, reserved 1310720K
  class space    used 40994K, committed 42496K, reserved 1048576K
}

Dll operation events (17 events):
Event: 0.022 Loaded shared library D:\server-minecraft\jre-17\bin\java.dll
Event: 2.699 Loaded shared library D:\server-minecraft\jre-17\bin\jsvml.dll
Event: 2.764 Loaded shared library D:\server-minecraft\jre-17\bin\net.dll
Event: 2.769 Loaded shared library D:\server-minecraft\jre-17\bin\nio.dll
Event: 2.776 Loaded shared library D:\server-minecraft\jre-17\bin\zip.dll
Event: 2.783 Loaded shared library D:\server-minecraft\jre-17\bin\jimage.dll
Event: 3.763 Loaded shared library D:\server-minecraft\jre-17\bin\management.dll
Event: 3.835 Loaded shared library D:\server-minecraft\jre-17\bin\management_ext.dll
Event: 4.236 Loaded shared library C:\Users\Admin\AppData\Local\Temp\jansi-2.4.0-549de71da0c49071-jansi.dll
Event: 4.499 Loaded shared library D:\server-minecraft\jre-17\bin\verify.dll
Event: 4.693 Loaded shared library C:\Users\Admin\AppData\Local\Temp\jna-63116079\jna10698165531205110221.dll
Event: 9.068 Loaded shared library D:\server-minecraft\jre-17\bin\jaas.dll
Event: 9.096 Loaded shared library D:\server-minecraft\jre-17\bin\awt.dll
Event: 11.524 Loaded shared library D:\server-minecraft\jre-17\bin\sunmscapi.dll
Event: 11.612 Loaded shared library D:\server-minecraft\jre-17\bin\extnet.dll
Event: 23.850 Loaded shared library C:\Users\Admin\AppData\Local\Temp\libzstd-jni3763014440747716441.dll
Event: 24.517 Loaded shared library D:\server-minecraft\plugins\RoseGarden\tmp\sqlite-3.41.2.2-feaf1642-fc2f-49b5-b869-e2e4ee208661-sqlitejdbc.dll

Deoptimization events (20 events):
Event: 55.414 Thread 0x0000029a7dfa5c50 Uncommon trap: reason=speculate_class_check action=maybe_recompile pc=0x0000029a2388bd2c method=io.netty.buffer.AbstractByteBuf.readShort()S @ 10 c2
Event: 55.415 Thread 0x0000029a7dfa5c50 DEOPT PACKING pc=0x0000029a2388bd2c sp=0x000000d71b0fcca0
Event: 55.415 Thread 0x0000029a7dfa5c50 DEOPT UNPACKING pc=0x0000029a221869a3 sp=0x000000d71b0fcb98 mode 2
Event: 55.480 Thread 0x0000029a7dfa5c50 DEOPT PACKING pc=0x0000029a1daa9722 sp=0x000000d71b0fd010
Event: 55.480 Thread 0x0000029a7dfa5c50 DEOPT UNPACKING pc=0x0000029a22187143 sp=0x000000d71b0fc4a0 mode 0
Event: 55.487 Thread 0x0000029a7dfa4300 DEOPT PACKING pc=0x0000029a1daa915b sp=0x000000d71b1fcd30
Event: 55.487 Thread 0x0000029a7dfa4300 DEOPT UNPACKING pc=0x0000029a22187143 sp=0x000000d71b1fc200 mode 0
Event: 55.499 Thread 0x0000029a7dfa7fc0 DEOPT PACKING pc=0x0000029a1d725720 sp=0x000000d7155ff030
Event: 55.499 Thread 0x0000029a7dfa7fc0 DEOPT UNPACKING pc=0x0000029a22187143 sp=0x000000d7155fe5e8 mode 0
Event: 55.592 Thread 0x0000029a7dfa4300 Uncommon trap: trap_request=0xffffff45 fr.pc=0x0000029a22e2ff3c relative=0x00000000000008dc
Event: 55.592 Thread 0x0000029a7dfa4300 Uncommon trap: reason=unstable_if action=reinterpret pc=0x0000029a22e2ff3c method=com.viaversion.viaversion.libs.fastutil.objects.Object2IntOpenHashMap.insert(ILjava/lang/Object;I)V @ 42 c2
Event: 55.592 Thread 0x0000029a7dfa4300 DEOPT PACKING pc=0x0000029a22e2ff3c sp=0x000000d71b1f81b0
Event: 55.592 Thread 0x0000029a7dfa4300 DEOPT UNPACKING pc=0x0000029a221869a3 sp=0x000000d71b1f8110 mode 2
Event: 55.600 Thread 0x0000029a7dfa7fc0 DEOPT PACKING pc=0x0000029a1d749b3c sp=0x000000d7155fe870
Event: 55.600 Thread 0x0000029a7dfa7fc0 DEOPT UNPACKING pc=0x0000029a22187143 sp=0x000000d7155fddb0 mode 0
Event: 55.696 Thread 0x0000029a7dfa7fc0 DEOPT PACKING pc=0x0000029a1d7a8241 sp=0x000000d7155fe590
Event: 55.696 Thread 0x0000029a7dfa7fc0 DEOPT UNPACKING pc=0x0000029a22187143 sp=0x000000d7155fda98 mode 0
Event: 55.795 Thread 0x0000029a7dfa7fc0 DEOPT PACKING pc=0x0000029a1d725720 sp=0x000000d7155ff030
Event: 55.795 Thread 0x0000029a7dfa7fc0 DEOPT UNPACKING pc=0x0000029a22187143 sp=0x000000d7155fe5e8 mode 0
Event: 56.046 Thread 0x0000029a7dfa7fc0 DEOPT PACKING pc=0x0000029a1d725720 sp=0x000000d7155ff030

Classes loaded (20 events):
Event: 51.488 Loading class java/lang/FdLibm
Event: 51.489 Loading class java/lang/FdLibm done
Event: 51.490 Loading class java/util/stream/ReduceOps$15
Event: 51.491 Loading class java/util/stream/ReduceOps$15 done
Event: 51.491 Loading class java/util/stream/ReduceOps$12ReducingSink
Event: 51.491 Loading class java/util/stream/ReduceOps$12ReducingSink done
Event: 53.870 Loading class java/lang/invoke/BoundMethodHandle$Species_LIL
Event: 53.870 Loading class java/lang/invoke/BoundMethodHandle$Species_LIL done
Event: 53.871 Loading class java/lang/invoke/BoundMethodHandle$Species_LILL
Event: 53.871 Loading class java/lang/invoke/BoundMethodHandle$Species_LILL done
Event: 54.045 Loading class sun/util/calendar/JulianCalendar
Event: 54.046 Loading class sun/util/calendar/JulianCalendar done
Event: 54.049 Loading class sun/util/calendar/Era
Event: 54.050 Loading class sun/util/calendar/Era done
Event: 54.050 Loading class sun/util/calendar/ImmutableGregorianDate
Event: 54.050 Loading class sun/util/calendar/ImmutableGregorianDate done
Event: 54.056 Loading class sun/util/calendar/JulianCalendar$Date
Event: 54.056 Loading class sun/util/calendar/JulianCalendar$Date done
Event: 54.125 Loading class java/util/concurrent/atomic/Striped64$Cell
Event: 54.125 Loading class java/util/concurrent/atomic/Striped64$Cell done

Classes unloaded (13 events):
Event: 16.021 Thread 0x0000029a371216b0 Unloading class 0x0000029a3932c800 'jdk/internal/reflect/GeneratedMethodAccessor3'
Event: 16.021 Thread 0x0000029a371216b0 Unloading class 0x0000029a3932c400 'jdk/internal/reflect/GeneratedMethodAccessor2'
Event: 26.873 Thread 0x0000029a371216b0 Unloading class 0x0000029a39f08000 'com/comphenix/net/bytebuddy/mirror/AccessibleObject'
Event: 48.000 Thread 0x0000029a371216b0 Unloading class 0x0000029a3aae9200 'me/libraryaddict/disguise/utilities/plugin/LibsDisgInfo'
Event: 48.000 Thread 0x0000029a371216b0 Unloading class 0x0000029a3aae9000 'me/libraryaddict/disguise/utilities/LibsPremium'
Event: 48.000 Thread 0x0000029a371216b0 Unloading class 0x0000029a3aa10c00 'java/lang/invoke/LambdaForm$MH+0x0000029a3aa10c00'
Event: 48.000 Thread 0x0000029a371216b0 Unloading class 0x0000029a3aa10800 'java/lang/invoke/LambdaForm$MH+0x0000029a3aa10800'
Event: 48.000 Thread 0x0000029a371216b0 Unloading class 0x0000029a3aa10000 'java/lang/invoke/LambdaForm$DMH+0x0000029a3aa10000'
Event: 48.000 Thread 0x0000029a371216b0 Unloading class 0x0000029a3aa09c00 'java/lang/invoke/LambdaForm$DMH+0x0000029a3aa09c00'
Event: 48.000 Thread 0x0000029a371216b0 Unloading class 0x0000029a3aa09400 'java/lang/invoke/LambdaForm$DMH+0x0000029a3aa09400'
Event: 48.000 Thread 0x0000029a371216b0 Unloading class 0x0000029a3aa09000 'java/lang/invoke/LambdaForm$DMH+0x0000029a3aa09000'
Event: 48.000 Thread 0x0000029a371216b0 Unloading class 0x0000029a3aa08400 'java/lang/invoke/LambdaForm$DMH+0x0000029a3aa08400'
Event: 48.000 Thread 0x0000029a371216b0 Unloading class 0x0000029a3aa08800 'java/lang/invoke/LambdaForm$DMH+0x0000029a3aa08800'

Classes redefined (0 events):
No events

Internal exceptions (20 events):
Event: 54.396 Thread 0x0000029a0932f250 Exception <a 'java/lang/ClassCastException'{0x00000007ff641350}> (0x00000007ff641350) 
thrown [s\src\hotspot\share\runtime\sharedRuntime.cpp, line 631]
Event: 54.412 Thread 0x0000029a0932f250 Exception <a 'java/lang/ClassCastException'{0x00000007fe26bec0}> (0x00000007fe26bec0) 
thrown [s\src\hotspot\share\runtime\sharedRuntime.cpp, line 631]
Event: 54.412 Thread 0x0000029a0932f250 Exception <a 'java/lang/ClassCastException'{0x00000007fe26df58}> (0x00000007fe26df58) 
thrown [s\src\hotspot\share\runtime\sharedRuntime.cpp, line 631]
Event: 54.412 Thread 0x0000029a0932f250 Exception <a 'java/lang/ClassCastException'{0x00000007fe26e968}> (0x00000007fe26e968) 
thrown [s\src\hotspot\share\runtime\sharedRuntime.cpp, line 631]
Event: 54.413 Thread 0x0000029a0932f250 Exception <a 'java/lang/ClassCastException'{0x00000007fe2c93a0}> (0x00000007fe2c93a0) 
thrown [s\src\hotspot\share\runtime\sharedRuntime.cpp, line 631]
Event: 54.413 Thread 0x0000029a0932f250 Exception <a 'java/lang/ClassCastException'{0x00000007fe2d2f88}> (0x00000007fe2d2f88) 
thrown [s\src\hotspot\share\runtime\sharedRuntime.cpp, line 631]
Event: 54.413 Thread 0x0000029a0932f250 Exception <a 'java/lang/ClassCastException'{0x00000007fe2d3c08}> (0x00000007fe2d3c08) 
thrown [s\src\hotspot\share\runtime\sharedRuntime.cpp, line 631]
Event: 54.413 Thread 0x0000029a0932f250 Exception <a 'java/lang/ClassCastException'{0x00000007fe2d4618}> (0x00000007fe2d4618) 
thrown [s\src\hotspot\share\runtime\sharedRuntime.cpp, line 631]
Event: 54.413 Thread 0x0000029a0932f250 Exception <a 'java/lang/ClassCastException'{0x00000007fe2d5588}> (0x00000007fe2d5588) 
thrown [s\src\hotspot\share\runtime\sharedRuntime.cpp, line 631]
Event: 54.413 Thread 0x0000029a0932f250 Exception <a 'java/lang/ClassCastException'{0x00000007fe2d5f98}> (0x00000007fe2d5f98) 
thrown [s\src\hotspot\share\runtime\sharedRuntime.cpp, line 631]
Event: 54.413 Thread 0x0000029a0932f250 Exception <a 'java/lang/ClassCastException'{0x00000007fe2d6f08}> (0x00000007fe2d6f08) 
thrown [s\src\hotspot\share\runtime\sharedRuntime.cpp, line 631]
Event: 54.413 Thread 0x0000029a0932f250 Exception <a 'java/lang/ClassCastException'{0x00000007fe2d8e98}> (0x00000007fe2d8e98) 
thrown [s\src\hotspot\share\runtime\sharedRuntime.cpp, line 631]
Event: 54.413 Thread 0x0000029a0932f250 Exception <a 'java/lang/ClassCastException'{0x00000007fe2d98a8}> (0x00000007fe2d98a8) 
thrown [s\src\hotspot\share\runtime\sharedRuntime.cpp, line 631]
Event: 54.413 Thread 0x0000029a0932f250 Exception <a 'java/lang/ClassCastException'{0x00000007fe2da2b8}> (0x00000007fe2da2b8) 
thrown [s\src\hotspot\share\runtime\sharedRuntime.cpp, line 631]
Event: 54.414 Thread 0x0000029a0932f250 Exception <a 'java/lang/ClassCastException'{0x00000007fe2db228}> (0x00000007fe2db228) 
thrown [s\src\hotspot\share\runtime\sharedRuntime.cpp, line 631]
Event: 54.414 Thread 0x0000029a0932f250 Exception <a 'java/lang/ClassCastException'{0x00000007fe2dbea8}> (0x00000007fe2dbea8) 
thrown [s\src\hotspot\share\runtime\sharedRuntime.cpp, line 631]
Event: 55.346 Thread 0x0000029a7dfa7fc0 Implicit null exception at 0x0000029a2386715a to 0x0000029a23868f90
Event: 55.346 Thread 0x0000029a7dfa7fc0 Implicit null exception at 0x0000029a2386715a to 0x0000029a23868f90
Event: 55.353 Thread 0x0000029a7dfa7fc0 Implicit null exception at 0x0000029a2386715a to 0x0000029a23868f90
Event: 55.353 Thread 0x0000029a7dfa7fc0 Implicit null exception at 0x0000029a2386715a to 0x0000029a23868f90

VM Operations (20 events):
Event: 53.903 Executing VM operation: HandshakeAllThreads done
Event: 53.944 Executing VM operation: ICBufferFull
Event: 53.944 Executing VM operation: ICBufferFull done
Event: 54.037 Executing VM operation: ICBufferFull
Event: 54.037 Executing VM operation: ICBufferFull done
Event: 54.049 Executing VM operation: HandshakeAllThreads
Event: 54.049 Executing VM operation: HandshakeAllThreads done
Event: 54.053 Executing VM operation: HandshakeAllThreads
Event: 54.053 Executing VM operation: HandshakeAllThreads done
Event: 54.055 Executing VM operation: HandshakeAllThreads
Event: 54.055 Executing VM operation: HandshakeAllThreads done
Event: 54.324 Executing VM operation: G1CollectForAllocation
Event: 54.368 Executing VM operation: G1CollectForAllocation done
Event: 54.702 Executing VM operation: ICBufferFull
Event: 54.702 Executing VM operation: ICBufferFull done
Event: 55.406 Executing VM operation: HandshakeAllThreads
Event: 55.406 Executing VM operation: HandshakeAllThreads done
Event: 55.418 Executing VM operation: ICBufferFull
Event: 55.419 Executing VM operation: ICBufferFull done
Event: 56.419 Executing VM operation: Cleanup

Memory protections (0 events):
No events

Nmethod flushes (20 events):
Event: 55.430 Thread 0x0000029a372657c0 flushing  nmethod 0x0000029a1bfbfb90
Event: 55.430 Thread 0x0000029a372657c0 flushing  nmethod 0x0000029a1bfed490
Event: 55.430 Thread 0x0000029a372657c0 flushing  nmethod 0x0000029a1bff4590
Event: 55.433 Thread 0x0000029a372657c0 flushing  nmethod 0x0000029a1c4aec90
Event: 55.433 Thread 0x0000029a372657c0 flushing  nmethod 0x0000029a1c53a610
Event: 55.433 Thread 0x0000029a372657c0 flushing  nmethod 0x0000029a1c651a90
Event: 55.434 Thread 0x0000029a372657c0 flushing  nmethod 0x0000029a1c6ac010
Event: 55.434 Thread 0x0000029a372657c0 flushing  nmethod 0x0000029a1c6b0190
Event: 55.435 Thread 0x0000029a372657c0 flushing  nmethod 0x0000029a1c96db10
Event: 55.437 Thread 0x0000029a372657c0 flushing  nmethod 0x0000029a1cd6e310
Event: 55.438 Thread 0x0000029a372657c0 flushing  nmethod 0x0000029a1cdd0e10
Event: 55.438 Thread 0x0000029a372657c0 flushing  nmethod 0x0000029a1ce8fd90
Event: 55.438 Thread 0x0000029a372657c0 flushing  nmethod 0x0000029a1ce90590
Event: 55.438 Thread 0x0000029a372657c0 flushing  nmethod 0x0000029a1ce99790
Event: 55.438 Thread 0x0000029a372657c0 flushing  nmethod 0x0000029a1ce99c10
Event: 55.438 Thread 0x0000029a372657c0 flushing  nmethod 0x0000029a1ceaeb90
Event: 55.440 Thread 0x0000029a372657c0 flushing  nmethod 0x0000029a1d12ef90
Event: 55.445 Thread 0x0000029a372657c0 flushing  nmethod 0x0000029a1dbd9790
Event: 55.446 Thread 0x0000029a372657c0 flushing  nmethod 0x0000029a1dd07990
Event: 55.446 Thread 0x0000029a372657c0 flushing  nmethod 0x0000029a1dd07e10

Events (20 events):
Event: 50.359 Thread 0x0000029a7dfa7fc0 Thread added: 0x0000029a08765fe0
Event: 50.454 Thread 0x0000029a7dfa7fc0 Thread added: 0x0000029a08763c70
Event: 50.455 Thread 0x0000029a08763c70 Thread added: 0x0000029a08764690
Event: 50.504 Thread 0x0000029a7dbf1300 Thread added: 0x0000029a08764ba0
Event: 50.505 Thread 0x0000029a7f7ccb80 Thread added: 0x0000029a08763760
Event: 50.506 Thread 0x0000029a08763760 Thread exited: 0x0000029a08763760
Event: 50.598 Thread 0x0000029a08763c70 Thread added: 0x0000029a0ad22080
Event: 51.843 Thread 0x0000029a01b4b330 Thread added: 0x0000029a0ad26760
Event: 51.843 Thread 0x0000029a0ad26760 Thread exited: 0x0000029a0ad26760
Event: 53.314 Thread 0x0000029a3727a390 Thread added: 0x0000029a00e08f80
Event: 53.804 Thread 0x0000029a08763c70 Thread added: 0x0000029a0ad22aa0
Event: 53.861 Thread 0x0000029a08763c70 Thread added: 0x0000029a0ad239d0
Event: 53.872 Thread 0x0000029a08763c70 Thread added: 0x0000029a0ad243f0
Event: 53.875 Thread 0x0000029a08763c70 Thread added: 0x0000029a0ad26c70
Event: 53.875 Thread 0x0000029a08763c70 Thread added: 0x0000029a0ad27690
Event: 53.876 Thread 0x0000029a08763c70 Thread added: 0x0000029a0ad280b0
Event: 55.035 Thread 0x0000029a7dbef9b0 Thread added: 0x0000029a0ad22590
Event: 55.036 Thread 0x0000029a0ad22590 Thread exited: 0x0000029a0ad22590
Event: 55.526 Thread 0x0000029a7dbf6e20 Thread added: 0x0000029a0ad23ee0
Event: 55.526 Thread 0x0000029a0ad23ee0 Thread exited: 0x0000029a0ad23ee0


Dynamic libraries:
0x00007ff720cb0000 - 0x00007ff720cbe000 	D:\server-minecraft\jre-17\bin\java.exe
0x00007fff392c0000 - 0x00007fff39526000 	C:\WINDOWS\SYSTEM32\ntdll.dll
0x00007fff37500000 - 0x00007fff375c9000 	C:\WINDOWS\System32\KERNEL32.DLL
0x00007fff36950000 - 0x00007fff36d4a000 	C:\WINDOWS\System32\KERNELBASE.dll
0x00007fff36e30000 - 0x00007fff36f7c000 	C:\WINDOWS\System32\ucrtbase.dll
0x00007fff335c0000 - 0x00007fff335d8000 	D:\server-minecraft\jre-17\bin\jli.dll
0x00007fff1b660000 - 0x00007fff1b67e000 	D:\server-minecraft\jre-17\bin\VCRUNTIME140.dll
0x00007fff376b0000 - 0x00007fff37877000 	C:\WINDOWS\System32\USER32.dll
0x00007fff36d50000 - 0x00007fff36d77000 	C:\WINDOWS\System32\win32u.dll
0x00007fff38720000 - 0x00007fff3874b000 	C:\WINDOWS\System32\GDI32.dll
0x00007fff19930000 - 0x00007fff19bc2000 	C:\WINDOWS\WinSxS\amd64_microsoft.windows.common-controls_6595b64144ccf1df_6.0.26100.8521_none_3e08b75ce33403b3\COMCTL32.dll
0x00007fff366d0000 - 0x00007fff367fb000 	C:\WINDOWS\System32\gdi32full.dll
0x00007fff36d80000 - 0x00007fff36e23000 	C:\WINDOWS\System32\msvcp_win.dll
0x00007fff37030000 - 0x00007fff370d9000 	C:\WINDOWS\System32\msvcrt.dll
0x00007fff38750000 - 0x00007fff38782000 	C:\WINDOWS\System32\IMM32.DLL
0x00007fff33590000 - 0x00007fff3359c000 	D:\server-minecraft\jre-17\bin\vcruntime140_1.dll
0x00007fff074a0000 - 0x00007fff0752d000 	D:\server-minecraft\jre-17\bin\msvcp140.dll
0x00007ffe62440000 - 0x00007ffe630ac000 	D:\server-minecraft\jre-17\bin\server\jvm.dll
0x00007fff375e0000 - 0x00007fff37696000 	C:\WINDOWS\System32\ADVAPI32.dll
0x00007fff372a0000 - 0x00007fff3734a000 	C:\WINDOWS\System32\sechost.dll
0x00007fff390e0000 - 0x00007fff391f8000 	C:\WINDOWS\System32\RPCRT4.dll
0x00007fff37880000 - 0x00007fff37900000 	C:\WINDOWS\System32\WS2_32.dll
0x00007fff36200000 - 0x00007fff3625e000 	C:\WINDOWS\SYSTEM32\POWRPROF.dll
0x00007fff29fa0000 - 0x00007fff29fd6000 	C:\WINDOWS\SYSTEM32\WINMM.dll
0x00007fff30e50000 - 0x00007fff30e5b000 	C:\WINDOWS\SYSTEM32\VERSION.dll
0x00007fff361e0000 - 0x00007fff361f4000 	C:\WINDOWS\SYSTEM32\UMPDC.dll
0x00007fff352a0000 - 0x00007fff352bb000 	C:\WINDOWS\SYSTEM32\kernel.appcore.dll
0x00007fff313d0000 - 0x00007fff313da000 	D:\server-minecraft\jre-17\bin\jimage.dll
0x00007fff21ac0000 - 0x00007fff21d02000 	C:\WINDOWS\SYSTEM32\DBGHELP.DLL
0x00007fff37d60000 - 0x00007fff380e3000 	C:\WINDOWS\System32\combase.dll
0x00007fff381b0000 - 0x00007fff38289000 	C:\WINDOWS\System32\OLEAUT32.dll
0x00007fff0e340000 - 0x00007fff0e37b000 	C:\WINDOWS\SYSTEM32\dbgcore.DLL
0x00007fff36f80000 - 0x00007fff37028000 	C:\WINDOWS\System32\bcryptPrimitives.dll
0x00007fff1a3f0000 - 0x00007fff1a415000 	D:\server-minecraft\jre-17\bin\java.dll
0x00007ffefcdc0000 - 0x00007ffefce97000 	D:\server-minecraft\jre-17\bin\jsvml.dll
0x00007fff387f0000 - 0x00007fff38f74000 	C:\WINDOWS\System32\SHELL32.dll
0x00007fff340f0000 - 0x00007fff34970000 	C:\WINDOWS\SYSTEM32\windows.storage.dll
0x00007fff371a0000 - 0x00007fff37296000 	C:\WINDOWS\System32\SHCORE.dll
0x00007fff370e0000 - 0x00007fff37147000 	C:\WINDOWS\System32\shlwapi.dll
0x00007fff36470000 - 0x00007fff36499000 	C:\WINDOWS\SYSTEM32\profapi.dll
0x00007fff1a6e0000 - 0x00007fff1a6fa000 	D:\server-minecraft\jre-17\bin\net.dll
0x00007fff2fec0000 - 0x00007fff2ffe9000 	C:\WINDOWS\SYSTEM32\WINHTTP.dll
0x00007fff357f0000 - 0x00007fff3585c000 	C:\WINDOWS\system32\mswsock.dll
0x00007fff16640000 - 0x00007fff16656000 	D:\server-minecraft\jre-17\bin\nio.dll
0x00007fff15b80000 - 0x00007fff15b98000 	D:\server-minecraft\jre-17\bin\zip.dll
0x00007fff1ef60000 - 0x00007fff1ef6a000 	D:\server-minecraft\jre-17\bin\management.dll
0x00007fff1b650000 - 0x00007fff1b65c000 	D:\server-minecraft\jre-17\bin\management_ext.dll
0x00007fff37350000 - 0x00007fff37358000 	C:\WINDOWS\System32\PSAPI.DLL
0x00007ffecfb80000 - 0x00007ffecfb98000 	C:\WINDOWS\system32\napinsp.dll
0x00007fff34cc0000 - 0x00007fff34e0a000 	C:\WINDOWS\SYSTEM32\DNSAPI.dll
0x00007fff35630000 - 0x00007fff3563d000 	C:\WINDOWS\SYSTEM32\DSPARSE.dll
0x00007fff34c80000 - 0x00007fff34cb3000 	C:\WINDOWS\SYSTEM32\IPHLPAPI.DLL
0x00007fff376a0000 - 0x00007fff376aa000 	C:\WINDOWS\System32\NSI.dll
0x00007ffecfb60000 - 0x00007ffecfb73000 	C:\WINDOWS\System32\winrnr.dll
0x00007ffecfb30000 - 0x00007ffecfb52000 	C:\WINDOWS\system32\nlansp_c.dll
0x00007fff069e0000 - 0x00007fff069f6000 	C:\WINDOWS\system32\wshbth.dll
0x00007fff30010000 - 0x00007fff3001b000 	C:\Windows\System32\rasadhlp.dll
0x00007fff2f3d0000 - 0x00007fff2f456000 	C:\WINDOWS\System32\fwpuclnt.dll
0x0000000069ac0000 - 0x0000000069ae4000 	C:\Users\Admin\AppData\Local\Temp\jansi-2.4.0-549de71da0c49071-jansi.dll
0x00007fff1a4b0000 - 0x00007fff1a4c0000 	D:\server-minecraft\jre-17\bin\verify.dll
0x00007fff35bf0000 - 0x00007fff35c0b000 	C:\WINDOWS\SYSTEM32\CRYPTSP.dll
0x00007fff35200000 - 0x00007fff35239000 	C:\WINDOWS\system32\rsaenh.dll
0x00007fff358a0000 - 0x00007fff358d3000 	C:\WINDOWS\SYSTEM32\USERENV.dll
0x00007fff36440000 - 0x00007fff3646a000 	C:\WINDOWS\SYSTEM32\bcrypt.dll
0x00007fff35a50000 - 0x00007fff35a5c000 	C:\WINDOWS\SYSTEM32\CRYPTBASE.dll
0x00007fff2fb70000 - 0x00007fff2fb8d000 	C:\WINDOWS\SYSTEM32\dhcpcsvc6.DLL
0x00007fff2fb40000 - 0x00007fff2fb65000 	C:\WINDOWS\SYSTEM32\dhcpcsvc.DLL
0x00007fff11580000 - 0x00007fff115c0000 	C:\Users\Admin\AppData\Local\Temp\jna-63116079\jna10698165531205110221.dll
0x00007fff37360000 - 0x00007fff374f8000 	C:\WINDOWS\System32\Ole32.dll
0x00007fff380f0000 - 0x00007fff3819e000 	C:\WINDOWS\System32\clbcatq.dll
0x00007fff135a0000 - 0x00007fff135bd000 	C:\WINDOWS\SYSTEM32\amsi.dll
0x00007ffed0b70000 - 0x00007ffed0c13000 	C:\ProgramData\Microsoft\Windows Defender\Platform\4.18.26060.3008-0\MpOav.dll
0x00007fff1a8b0000 - 0x00007fff1a908000 	C:\WINDOWS\SYSTEM32\Pdh.dll
0x00007fff13b50000 - 0x00007fff13b61000 	C:\WINDOWS\System32\perfos.dll
0x00007fff32e30000 - 0x00007fff32e42000 	C:\WINDOWS\SYSTEM32\pfclient.dll
0x00007fff1a470000 - 0x00007fff1a479000 	D:\server-minecraft\jre-17\bin\jaas.dll
0x00007ffec6060000 - 0x00007ffec61f1000 	D:\server-minecraft\jre-17\bin\awt.dll
0x00007fff336d0000 - 0x00007fff33770000 	C:\WINDOWS\SYSTEM32\apphelp.dll
0x00007fff159c0000 - 0x00007fff159ce000 	D:\server-minecraft\jre-17\bin\sunmscapi.dll
0x00007fff36550000 - 0x00007fff366c8000 	C:\WINDOWS\System32\CRYPT32.dll
0x00007fff35d50000 - 0x00007fff35d80000 	C:\WINDOWS\SYSTEM32\ncrypt.dll
0x00007fff35d00000 - 0x00007fff35d3f000 	C:\WINDOWS\SYSTEM32\NTASN1.dll
0x00007fff19760000 - 0x00007fff19768000 	C:\WINDOWS\system32\wshunix.dll
0x00007fff15320000 - 0x00007fff15329000 	D:\server-minecraft\jre-17\bin\extnet.dll
0x000000006eec0000 - 0x000000006efdc000 	C:\Users\Admin\AppData\Local\Temp\libzstd-jni3763014440747716441.dll
0x00007ffecb040000 - 0x00007ffecb129000 	D:\server-minecraft\plugins\RoseGarden\tmp\sqlite-3.41.2.2-feaf1642-fc2f-49b5-b869-e2e4ee208661-sqlitejdbc.dll

dbghelp: loaded successfully - version: 4.0.5 - missing functions: none
symbol engine: initialized successfully - sym options: 0x614 - pdb path: .;D:\server-minecraft\jre-17\bin;C:\WINDOWS\SYSTEM32;C:\WINDOWS\WinSxS\amd64_microsoft.windows.common-controls_6595b64144ccf1df_6.0.26100.8521_none_3e08b75ce33403b3;D:\server-minecraft\jre-17\bin\server;C:\Users\Admin\AppData\Local\Temp;C:\Users\Admin\AppData\Local\Temp\jna-63116079;C:\ProgramData\Microsoft\Windows Defender\Platform\4.18.26060.3008-0;D:\server-minecraft\plugins\RoseGarden\tmp

VM Arguments:
jvm_args: -Xmx4G -Xms4G -XX:+UseG1GC -XX:+ParallelRefProcEnabled -XX:MaxGCPauseMillis=200 -XX:+UnlockExperimentalVMOptions -XX:+DisableExplicitGC -XX:+AlwaysPreTouch -XX:G1NewSizePercent=30 -XX:G1MaxNewSizePercent=40 -XX:G1HeapRegionSize=8m -XX:G1ReservePercent=20 -XX:G1HeapWastePercent=5 -XX:G1MixedGCCountTarget=4 -XX:InitiatingHeapOccupancyPercent=15 -XX:G1MixedGCLiveThresholdPercent=90 -XX:G1RSetUpdatingPauseTimePercent=5 -XX:SurvivorRatio=32 -XX:+PerfDisableSharedMem -XX:MaxTenuringThreshold=1 -Dusing.aikars.flags=https://mcflags.emc.gs -Daikars.new.flags=true 
java_command: paper-1.19.4-550.jar nogui
java_class_path (initial): paper-1.19.4-550.jar
Launcher Type: SUN_STANDARD

[Global flags]
     bool AlwaysPreTouch                           = true                                      {product} {command line}
     bool AlwaysTenure                             = false                                     {product} {command line}
     intx CICompilerCount                          = 4                                         {product} {ergonomic}
     uint ConcGCThreads                            = 3                                         {product} {ergonomic}
     bool DisableExplicitGC                        = true                                      {product} {command line}
     uint G1ConcRefinementThreads                  = 10                                        {product} {ergonomic}
     uint G1EagerReclaimRemSetThreshold            = 64                                   {experimental} {ergonomic}
   size_t G1HeapRegionSize                         = 8388608                                   {product} {command line}
    uintx G1HeapWastePercent                       = 5                                         {product} {command line}
    uintx G1MaxNewSizePercent                      = 40                                   {experimental} {command line}
    uintx G1MixedGCCountTarget                     = 4                                         {product} {command line}
    uintx G1MixedGCLiveThresholdPercent            = 90                                   {experimental} {command line}
    uintx G1NewSizePercent                         = 30                                   {experimental} {command line}
     intx G1RSetUpdatingPauseTimePercent           = 5                                         {product} {command line}
    uintx G1ReservePercent                         = 20                                        {product} {command line}
    uintx GCDrainStackTargetSize                   = 64                                        {product} {ergonomic}
   size_t InitialHeapSize                          = 4294967296                                {product} {command line}
    uintx InitialTenuringThreshold                 = 1                                         {product} {ergonomic}
    uintx InitiatingHeapOccupancyPercent           = 15                                        {product} {command line}
   size_t MarkStackSize                            = 4194304                                   {product} {ergonomic}
    uintx MaxGCPauseMillis                         = 200                                       {product} {command line}
   size_t MaxHeapSize                              = 4294967296                                {product} {command line}
   size_t MaxNewSize                               = 1711276032                                {product} {ergonomic}
    uintx MaxTenuringThreshold                     = 1                                         {product} {command line}
   size_t MinHeapDeltaBytes                        = 8388608                                   {product} {ergonomic}
   size_t MinHeapSize                              = 4294967296                                {product} {command line}
     bool NeverTenure                              = false                                     {product} {command line}
    uintx NonNMethodCodeHeapSize                   = 5839372                                {pd product} {ergonomic}
    uintx NonProfiledCodeHeapSize                  = 122909434                              {pd product} {ergonomic}
     bool ParallelRefProcEnabled                   = true                                      {product} {command line}
     bool PerfDisableSharedMem                     = true                                      {product} {command line}
    uintx ProfiledCodeHeapSize                     = 122909434                              {pd product} {ergonomic}
    uintx ReservedCodeCacheSize                    = 251658240                              {pd product} {ergonomic}
     bool SegmentedCodeCache                       = true                                      {product} {ergonomic}
   size_t SoftMaxHeapSize                          = 4294967296                             {manageable} {ergonomic}
    uintx SurvivorRatio                            = 32                                        {product} {command line}
     bool UnlockExperimentalVMOptions              = true                                 {experimental} {command line}
     bool UseCompressedClassPointers               = true                           {product lp64_product} {ergonomic}
     bool UseCompressedOops                        = true                           {product lp64_product} {ergonomic}
     bool UseG1GC                                  = true                                      {product} {command line}
     bool UseLargePagesIndividualAllocation        = false                                  {pd product} {ergonomic}

Logging:
Log output configuration:
 #0: stdout all=warning uptime,level,tags
 #1: stderr all=off uptime,level,tags

Environment Variables:
PATH=C:\Program Files\Eclipse Adoptium\jdk-21.0.9.10-hotspot\bin;C:\Program Files\Eclipse Adoptium\jdk-17.0.17.10-hotspot\bin;C:\Program Files (x86)\Common Files\Oracle\Java\java8path;C:\Program Files (x86)\Common Files\Oracle\Java\javapath;C:\Windows\system32;C:\Windows;C:\Windows\System32\Wbem;C:\Windows\System32\WindowsPowerShell\v1.0\;C:\Windows\System32\OpenSSH\;C:\ProgramData\chocolatey\bin;C:\Program Files\Git\cmd;C:\ProgramData\nvm;C:\nvm4w\nodejs;C:\Program Files\PostgreSQL\18\bin;C:\WINDOWS\system32;C:\WINDOWS;C:\WINDOWS\System32\Wbem;C:\WINDOWS\System32\WindowsPowerShell\v1.0\;C:\WINDOWS\System32\OpenSSH\;C:\Program Files\Cloudflare\Cloudflare WARP\;C:\Program Files\Eclipse Adoptium\jdk-17.0.17.10-hotspot\bin;C:\Program Files (x86)\Common Files\Oracle\Java\java8path;C:\Program Files (x86)\Common Files\Oracle\Java\javapath;C:\Windows\system32;C:\Windows;C:\Windows\System32\Wbem;C:\Windows\System32\WindowsPowerShell\v1.0\;C:\Windows\System32\OpenSSH\;C:\ProgramData\chocolatey\bin;C:\Program Files\Git\cmd;C:\ProgramData\nvm;C:\nvm4w\nodejs;C:\Program Files\PostgreSQL\18\bin;C:\WINDOWS\system32;C:\WINDOWS;C:\WINDOWS\System32\Wbem;C:\WINDOWS\System32\WindowsPowerShell\v1.0\;C:\WINDOWS\System32\OpenSSH\;C:\Program Files\Cloudflare\Cloudflare WARP\;C:\Program Files\Eclipse Adoptium\jdk-17.0.17.10-hotspot\bin;C:\Program Files (x86)\Common Files\Oracle\Java\java8path;C:\Program Files (x86)\Common Files\Oracle\Java\javapath;C:\Windows\system32;C:\Windows;C:\Windows\System32\Wbem;C:\Windows\System32\WindowsPowerShell\v1.0\;C:\Windows\System32\OpenSSH\;C:\ProgramData\chocolatey\bin;C:\Program Files\Git\cmd;C:\ProgramData\nvm;C:\nvm4w\nodejs;C:\Program Files\PostgreSQL\18\bin;C:\WINDOWS\system32;C:\WINDOWS;C:\WINDOWS\System32\Wbem;C:\WINDOWS\System32\WindowsPowerShell\v1.0\;C:\WINDOWS\System32\OpenSSH\;C:\Program Files\Cloudflare\Cloudflare WARP\;C:\Users\Admin\AppData\Local\Microsoft\WindowsApps;C:\Users\Admin\AppData\Local\Programs\cursor\resources\app\bin;C:\ProgramData\nvm;C:\nvm4w\nodejs;C:\Users\Admin\AppData\Local\Programs\Kiro\bin;C:\Users\Admin\AppData\Local\Programs\Antigravity IDE\bin;C:\Users\Admin\.local\bin;C:\Users\Admin\.local\bin
USERNAME=Admin
LANG=en_US.UTF-8
OS=Windows_NT
PROCESSOR_IDENTIFIER=AMD64 Family 25 Model 33 Stepping 2, AuthenticAMD
TMP=C:\Users\Admin\AppData\Local\Temp
TEMP=C:\Users\Admin\AppData\Local\Temp



Periodic native trim disabled


---------------  S Y S T E M  ---------------

OS:
 Windows 11 , 64 bit Build 26100 (10.0.26100.8521)
OS uptime: 39 days 8:17 hours
Hyper-V role detected

CPU: total 12 (initial active 12) (12 cores per cpu, 2 threads per core) family 25 model 33 stepping 2 microcode 0xa20120a, cx8, cmov, fxsr, ht, mmx, 3dnowpref, sse, sse2, sse3, ssse3, sse4a, sse4.1, sse4.2, popcnt, lzcnt, tsc, tscinvbit, avx, avx2, aes, erms, clmul, bmi1, bmi2, adx, sha, fma, vzeroupper, clflush, clflushopt, hv
Processor Information for all 12 processors :
  Max Mhz: 3701, Current Mhz: 3701, Mhz Limit: 3701

Memory: 4k page, system-wide physical 16267M (460M free)
TotalPageFile size 46663M (AvailPageFile size 4M)
current process WorkingSet (physical memory assigned to process): 3204M, peak: 4225M
current process commit charge ("private bytes"): 4932M, peak: 4938M

vm_info: OpenJDK 64-Bit Server VM (17.0.19+10) for windows-amd64 JRE (17.0.19+10), built on Apr 25 2026 08:04:44 by "admin" with MS VC++ 17.12 (VS2022)

END.
